url,anchor_text,label,label_name
https://ssc.gov.in/current-openings,Walk-in Interview at IBPS,1,CAREER_PAGE
https://ugc.gov.in/apply,KVS Apply Online Registration,0,DIRECT_APPLY
https://bsnl.co.in/jobs,Walk-in Interview at SAIL,1,CAREER_PAGE
https://sebi.gov.in/jobs,AAI Notification 2025,1,CAREER_PAGE
https://csir.res.in/disclaimer,Follow us on Facebook,3,IGNORE
https://gailonline.com/new-reg.php,New Registration,0,DIRECT_APPLY
https://powergrid.in/recruitment,ONGC Advertisement No. 18/2024,1,CAREER_PAGE
https://aai.aero/vacancies,Walk-in Interview at DRDO,1,CAREER_PAGE
https://barc.gov.in/recruitment,Latest SBI Jobs,1,CAREER_PAGE
https://t.me/govtjobs,Join Telegram Channel,3,IGNORE
https://ugc.gov.in/documents/GAIL-Recruitment-2026.pdf,ISRO Scientist/Engineer SC Recruitment 2026 - Download Notification PDF,2,NOTIFICATION_PDF
https://esic.gov.in/candidate/registration,Apply for Junior Resident,0,DIRECT_APPLY
https://sebi.gov.in/openings,Latest BEL Jobs,1,CAREER_PAGE
https://sebi.gov.in/signup.aspx,ISRO Apply Online Registration,0,DIRECT_APPLY
https://bhel.com/index.aspx,Photo Gallery,3,IGNORE
https://gailonline.com/careers/apply,GAIL ET Apply Online Registration,0,DIRECT_APPLY
https://gailonline.com/new-reg.aspx,Click Here to Apply,0,DIRECT_APPLY
https://uidai.gov.in/documents/BARC-Advertisement-2026.pdf,IBPS Clerk Recruitment CRP Clerks-XIV - Download Notification PDF,2,NOTIFICATION_PDF
https://ecil.co.in/privacy-policy,Share on Twitter,3,IGNORE
https://dae.gov.in/opportunities,BARC Recruitment Drive 2024,1,CAREER_PAGE
https://epfindia.gov.in/recruitment,TSPSC Vacancy Circular,1,CAREER_PAGE
https://rbi.org.in/notice-board,TSPSC Recruitment,1,CAREER_PAGE
https://fci.gov.in/newreg.aspx,IBPS Clerk Recruitment CRP Clerks-XIV - Apply Online,0,DIRECT_APPLY
https://nabard.org/notifications,GAIL Recruitment,1,CAREER_PAGE
https://dae.gov.in/disclaimer,Subscribe to Newsletter,3,IGNORE
https://delhimetrorail.com/documents/KVS-Notification-2025.pdf,Click here to download KVS recruitment notification,2,NOTIFICATION_PDF
https://dae.gov.in/jobs,SSC Recruitment Drive 2025,1,CAREER_PAGE
https://rrbcdg.gov.in/openings,DMRC Notification 2026,1,CAREER_PAGE
https://wa.me/dmrc,Site Map,3,IGNORE
https://powergrid.in/disclaimer,Feedback,3,IGNORE
https://tspsc.gov.in/advertisements,SEBI Notification 2026,1,CAREER_PAGE
https://psc.ap.gov.in/Recruitment,APPSC Recruitment Notifications,1,CAREER_PAGE
https://sail.co.in/candidate/registration.php,Submit Application,0,DIRECT_APPLY
https://instagram.com/lic,About Us,3,IGNORE
https://sail.co.in/documents/FCI-Notification-2024.pdf,Download Notice: ISRO ICRB Centralised Recruitment 2026,2,NOTIFICATION_PDF
https://joinindiannavy.gov.in/register,IBPS RRB Officer Scale-I Recruitment 2026 - Apply Online,0,DIRECT_APPLY
https://bhel.com/documents/NTA-Advertisement-2026.pdf,Stenographer Grade C & D Recruitment 2026 - Download Notification PDF,2,NOTIFICATION_PDF
https://aiimsexams.ac.in/signup,Apply Online,0,DIRECT_APPLY
https://upsc.gov.in/recruitment/active-advertisements,Active Advertisements UPSC Recruitment,1,CAREER_PAGE
https://nielit.gov.in/documents/ONGC-Advertisement-2026.pdf,ONGC Official Notification PDF 2026,2,NOTIFICATION_PDF
https://bel-india.in/notice-board,ONGC Advertisement No. 7/2024,1,CAREER_PAGE
https://navodaya.gov.in/careers,Walk-in Interview at SEBI,1,CAREER_PAGE
https://rac.gov.in/documents/IOCL-Circular-2024.pdf,Download Notice: Combined Defence Services Examination (CDS) 2026,2,NOTIFICATION_PDF
https://ongcindia.com/documents/NVS-Notice-2025.pdf,RBI Security Guard Recruitment 2026 - Download Notification PDF,2,NOTIFICATION_PDF
https://joinindiannavy.gov.in/sign-up.php,New Registration,0,DIRECT_APPLY
https://bank.sbi/index.html,Privacy Policy,3,IGNORE
https://stpi.in/career,SEBI Advertisement No. 4/2024,1,CAREER_PAGE
https://psc.ap.gov.in/about,Privacy Policy,3,IGNORE
https://delhimetrorail.com/documents/GAIL-Circular-2026.pdf,Click here to download GAIL recruitment notification,2,NOTIFICATION_PDF
https://nic.in/documents/ESIC-Notice-2024.pdf,Engineering Services Examination (ESE) 2026 - Download Notification PDF,2,NOTIFICATION_PDF
https://powergrid.in/signup.jsp,Click Here to Apply,0,DIRECT_APPLY
https://kvsangathan.nic.in/newreg.aspx,DMRC Apply Online Registration,0,DIRECT_APPLY
https://bsnl.co.in/documents/ONGC-Notification-2025.pdf,Combined Defence Services Examination (CDS) 2026 - Download Notification PDF,2,NOTIFICATION_PDF
https://ongcindia.com/documents/BARC-Circular-2026.pdf,BARC Official Notification PDF 2026,2,NOTIFICATION_PDF
https://linkedin.com/epfo,Photo Gallery,3,IGNORE
https://wa.me/aai,Help & FAQ,3,IGNORE
https://joinindiannavy.gov.in/media,About Us,3,IGNORE
https://licindia.in/help,About Us,3,IGNORE
https://ecil.co.in/documents/UPSC-Notice-2025.pdf,UPSC Official Notification PDF 2025,2,NOTIFICATION_PDF
https://gailonline.com/vacancies,Walk-in Interview at STPI,1,CAREER_PAGE
https://nta.ac.in/documents/RBI-Notification-2025.pdf,Click here to download RBI recruitment notification,2,NOTIFICATION_PDF
https://nabard.org/careers,Latest SSC Jobs,1,CAREER_PAGE
https://twitter.com/isaboratory,ISRO Twitter Handle,3,IGNORE
https://nielit.gov.in/index.html,Photo Gallery,3,IGNORE
https://drdo.gov.in/ora/candidate.jsp,NTPC Apply Online Registration,0,DIRECT_APPLY
https://bhel.com/applyonline.aspx,New Registration,0,DIRECT_APPLY
https://sail.co.in/contact,About Us,3,IGNORE
https://nic.in/career,Latest BARC Jobs,1,CAREER_PAGE
https://cert-in.org.in/documents/APPSC-Notification-2024.pdf,Download Notice: National Defence Academy (NDA) Examination 2026,2,NOTIFICATION_PDF
https://stpi.in/openings,ONGC Recruitment,1,CAREER_PAGE
https://bel-india.in/registration/,Online Application Form,0,DIRECT_APPLY
https://bel-india.in/documents/NTA-Recruitment-2025.pdf,Download Notice: Civil Services Examination (CSE) 2026,2,NOTIFICATION_PDF
https://rrbcdg.gov.in/recruitment,Latest NIC Jobs,1,CAREER_PAGE
https://meity.gov.in/index.aspx,Privacy Policy,3,IGNORE
https://facebook.com/dmrc,Tender Notices,3,IGNORE
https://pinterest.com/upsc,Share on Twitter,3,IGNORE
https://bhel.com/login,IBPS SO Specialist Officer Recruitment 2026 - Apply Online,0,DIRECT_APPLY
https://bel-india.in/documents/NABARD-Recruitment-2024.pdf,Download Notice: IBPS PO/MT Recruitment CRP-XIV,2,NOTIFICATION_PDF
https://ibps.in/recruitment,DRDO Recruitment,1,CAREER_PAGE
https://tspsc.gov.in/TSPSCWEB/ApplyOnline.jsp,TSPSC Group I Apply Online,0,DIRECT_APPLY
https://ibps.in/advertisements,AIIMS Notification 2024,1,CAREER_PAGE
https://bhel.com/advertisements,Walk-in Interview at NIC,1,CAREER_PAGE
https://esic.gov.in/current-openings,NVS Careers,1,CAREER_PAGE
https://ntpc.co.in/registration,ECIL Apply Online Registration,0,DIRECT_APPLY
https://licindia.in/registration/,Apply for Grade B Officer,0,DIRECT_APPLY
https://twitter.com/bhel,Help & FAQ,3,IGNORE
https://csir.res.in/applyonline/,Apply for Agniveer (General Duty),0,DIRECT_APPLY
https://cbseresults.nic.in/notice-board,ONGC Recruitment,1,CAREER_PAGE
https://nhmmp.gov.in/jobs,Walk-in Interview at IBPS,1,CAREER_PAGE
https://wa.me/rbi,Tender Notices,3,IGNORE
https://barc.gov.in/signup/,Online Application Form,0,DIRECT_APPLY
https://uidai.gov.in/help,Tender Notices,3,IGNORE
https://navodaya.gov.in/documents/NABARD-Recruitment-2024.pdf,Detailed Advertisement for Scientist B,2,NOTIFICATION_PDF
https://iocl.com/signup.php,Apply Online,0,DIRECT_APPLY
https://ecil.co.in/documents/NIC-Recruitment-2024.pdf,Detailed Advertisement for Group-II Officer,2,NOTIFICATION_PDF
https://rac.gov.in/documents/DRDO-Recruitment-2026.pdf,Detailed Advertisement for Staff Nurse,2,NOTIFICATION_PDF
https://aiimsexams.ac.in/candidate/registration.aspx,Submit Application,0,DIRECT_APPLY
https://sebi.gov.in/apply.php,KVS Apply Online Registration,0,DIRECT_APPLY
https://gailonline.com/documents/DRDO-Notification-2024.pdf,Download Notice: DRDO Scientist B Recruitment through RAC 2026,2,NOTIFICATION_PDF
https://pinterest.com/rbi,Photo Gallery,3,IGNORE
https://fci.gov.in/online-apply/,ONGC Apply Online Registration,0,DIRECT_APPLY
https://isro.gov.in/positions,KVS Current Vacancies,1,CAREER_PAGE
https://bhel.com/recruitment,KVS Careers,1,CAREER_PAGE
https://coalindia.in/register.aspx,Online Application Form,0,DIRECT_APPLY
https://rrbcdg.gov.in/acts-rules,Help & FAQ,3,IGNORE
https://aai.aero/opportunities,Latest AAI Jobs,1,CAREER_PAGE
https://hal-india.co.in/signup/,Apply Online,0,DIRECT_APPLY
https://isro.gov.in/documents/UPSC-Notice-2026.pdf,Download Notice: LIC ADO Recruitment 2026,2,NOTIFICATION_PDF
https://ugc.gov.in/documents/KVS-Advertisement-2026.pdf,Download Notice: SBI PO Recruitment 2026,2,NOTIFICATION_PDF
https://nhmmp.gov.in/recruitment,BEL Current Vacancies,1,CAREER_PAGE
https://sail.co.in/login/,Login to Apply,0,DIRECT_APPLY
https://meity.gov.in/registration.jsp,EPFO Apply Online Registration,0,DIRECT_APPLY
https://ntpc.co.in/,Follow us on Facebook,3,IGNORE
https://aiimsexams.ac.in/documents/BEL-Advertisement-2026.pdf,Detailed Advertisement for Gramin Dak Sevak,2,NOTIFICATION_PDF
https://ongcindia.com/applyonline.aspx,Login to Apply,0,DIRECT_APPLY
https://apply.rrbcdg.gov.in/,RRB Online Application Registration,0,DIRECT_APPLY
https://railtelindia.com/documents/CSIR-Advertisement-2025.pdf,Click here to download CSIR recruitment notification,2,NOTIFICATION_PDF
https://barc.gov.in/documents/RBI-Advertisement-2026.pdf,Download Notice: SBI Specialist Officer (IT) Recruitment 2026,2,NOTIFICATION_PDF
https://dae.gov.in/privacy-policy,Acts & Rules,3,IGNORE
https://nta.ac.in/notifications,Latest TSPSC Jobs,1,CAREER_PAGE
https://nabard.org/jobs,NABARD Careers,1,CAREER_PAGE
https://cert-in.org.in/contact,Disclaimer,3,IGNORE
https://delhimetrorail.com/account/login.php,Submit Application,0,DIRECT_APPLY
https://bel-india.in/online-apply.aspx,Register Now,0,DIRECT_APPLY
https://gailonline.com/jobs,BEL Vacancy Circular,1,CAREER_PAGE
https://rbi.org.in/feedback,Accessibility Statement,3,IGNORE
https://nic.in/documents/AAI-Circular-2024.pdf,Click here to download AAI recruitment notification,2,NOTIFICATION_PDF
https://youtube.com/sbi,Accessibility Statement,3,IGNORE
https://csir.res.in/documents/AAI-Notice-2024.pdf,AAI Official Notification PDF 2024,2,NOTIFICATION_PDF
https://ssc.gov.in/apply/,New Registration,0,DIRECT_APPLY
https://joinindianarmy.nic.in/newreg,Online Application Form,0,DIRECT_APPLY
https://csir.res.in/documents/NIC-Circular-2025.pdf,LIC Assistant Recruitment 2026 - Download Notification PDF,2,NOTIFICATION_PDF
https://ugc.gov.in/jobs,NIELIT Advertisement No. 7/2025,1,CAREER_PAGE
https://powergrid.in/documents/NIC-Circular-2024.pdf,NIC Official Notification PDF 2024,2,NOTIFICATION_PDF
https://delhimetrorail.com/positions,GAIL Vacancy Circular,1,CAREER_PAGE
https://dae.gov.in/openings,STPI Recruitment,1,CAREER_PAGE
https://rbi.org.in/openings,Walk-in Interview at KVS,1,CAREER_PAGE
https://examinationservices.nic.in/registration,UPSC ESE Apply Registration,0,DIRECT_APPLY
https://upsc.gov.in/sign-up.jsp,Login to Apply,0,DIRECT_APPLY
https://licindia.in/faq,Accessibility Statement,3,IGNORE
https://epfindia.gov.in/contact,Home Page,3,IGNORE
https://rac.gov.in/documents/DMRC-Notification-2024.pdf,Click here to download DMRC recruitment notification,2,NOTIFICATION_PDF
https://appost.in/apply,India Post GDS Apply Registration,0,DIRECT_APPLY
https://sail.co.in/ora/candidate.aspx,Submit Application,0,DIRECT_APPLY
https://ibpsonline.ibps.in/crp-clerk-nov26/registration.php,IBPS Clerk Apply Online Registration,0,DIRECT_APPLY
https://sebi.gov.in/account/login.aspx,Apply Online,0,DIRECT_APPLY
https://twitter.com/nic,Help & FAQ,3,IGNORE
https://sebi.gov.in/advertisements,CDAC Vacancy Circular,1,CAREER_PAGE
https://uidai.gov.in/citizen-charter,Photo Gallery,3,IGNORE
https://bel-india.in/ContentPage.aspx?MId=17&CId=37,BEL Recruitment Careers Page,1,CAREER_PAGE
https://navodaya.gov.in/rti,Contact Us,3,IGNORE
https://ctet.nic.in/index.aspx,Share on Twitter,3,IGNORE
https://applyonline.licindia.in/register,LIC AAO Apply Online Registration,0,DIRECT_APPLY
https://nic.in/documents/TSPSC-Circular-2024.pdf,Click here to download TSPSC recruitment notification,2,NOTIFICATION_PDF
https://bank.sbi/positions,Walk-in Interview at AAI,1,CAREER_PAGE
https://rac.gov.in/apply,RAC DRDO Scientist B Application,0,DIRECT_APPLY
https://ntpc.co.in/opportunities,BHEL Recruitment,1,CAREER_PAGE
https://drdo.gov.in/notice-board,NABARD Recruitment,1,CAREER_PAGE
https://onlineapplication.esic.gov.in/,ESIC UDC Apply Online Registration,0,DIRECT_APPLY
https://joinindiannavy.gov.in/documents/IOCL-Notification-2026.pdf,Download Notice: SBI PO Recruitment 2026,2,NOTIFICATION_PDF
https://dae.gov.in/openings,APPSC Careers,1,CAREER_PAGE
https://licindia.in/applyonline.jsp,UPSC Apply Online Registration,0,DIRECT_APPLY
https://ugc.gov.in/opportunities,ISRO Recruitment,1,CAREER_PAGE
https://epfindia.gov.in/documents/CSIR-Recruitment-2024.pdf,Detailed Advertisement for Clerk,2,NOTIFICATION_PDF
https://bhel.com/login/,Register Now,0,DIRECT_APPLY
https://ntpc.co.in/sitemap,About Us,3,IGNORE
https://ibps.in/recruitment,HAL Careers,1,CAREER_PAGE
https://esic.gov.in/about,About Us,3,IGNORE
https://ctet.nic.in/newreg.php,Apply for Inspector of Posts,0,DIRECT_APPLY
https://meity.gov.in/current-openings,SSC Notification 2026,1,CAREER_PAGE
https://ntpc.co.in/documents/DMRC-Advertisement-2025.pdf,Detailed Advertisement for Sorting Assistant,2,NOTIFICATION_PDF
https://rac.gov.in/opportunities,Latest AAI Jobs,1,CAREER_PAGE
https://rbi.org.in/applyonline,Login to Apply,0,DIRECT_APPLY
https://aiimsexams.ac.in/documents/STPI-Advertisement-2025.pdf,Detailed Advertisement for Inspector of Posts,2,NOTIFICATION_PDF
https://joinindiannavy.gov.in/disclaimer,Subscribe to Newsletter,3,IGNORE
https://bank.sbi/openings,HAL Current Vacancies,1,CAREER_PAGE
https://isro.gov.in/ora/candidate,Combined Graduate Level Examination (CGL) 2026 - Apply Online,0,DIRECT_APPLY
https://powergrid.in/documents/ISRO-Circular-2024.pdf,RBI Security Guard Recruitment 2026 - Download Notification PDF,2,NOTIFICATION_PDF
https://navodaya.gov.in/account/login.php,Apply Online,0,DIRECT_APPLY
https://epfindia.gov.in/faq,Feedback,3,IGNORE
https://rac.gov.in/opportunities,Latest FCI Jobs,1,CAREER_PAGE
https://pinterest.com/aai,Disclaimer,3,IGNORE
https://www.isro.gov.in/disclaimer,ISRO Website Disclaimer,3,IGNORE
https://indiapost.gov.in/documents/IOCL-Recruitment-2025.pdf,Click here to download IOCL recruitment notification,2,NOTIFICATION_PDF
https://kvsangathan.nic.in/citizen-charter,Accessibility Statement,3,IGNORE
https://rbi.org.in/documents/NIC-Circular-2025.pdf,Click here to download NIC recruitment notification,2,NOTIFICATION_PDF
https://sebi.gov.in/careers,SAIL Careers,1,CAREER_PAGE
https://stpi.in/advertisements,ESIC Notification 2025,1,CAREER_PAGE
https://linkedin.com/rbi,About Us,3,IGNORE
https://railtelindia.com/registration/,Online Application Form,0,DIRECT_APPLY
https://psc.ap.gov.in/login.php,Online Application Form,0,DIRECT_APPLY
https://cdac.in/apply/,New Registration,0,DIRECT_APPLY
https://ctet.nic.in/notice-board,NVS Notification 2024,1,CAREER_PAGE
https://recruit.aai.aero/apply,AAI JE Online Application,0,DIRECT_APPLY
https://ssc.gov.in/current-openings,Walk-in Interview at IOCL,1,CAREER_PAGE
https://t.me/nic,Disclaimer,3,IGNORE
https://nhmmp.gov.in/apply/,AIIMS Apply Online Registration,0,DIRECT_APPLY
https://esic.gov.in/annual-report,Feedback,3,IGNORE
https://instagram.com/aai,Important Links,3,IGNORE
https://bhel.com/positions,AIIMS Careers,1,CAREER_PAGE
https://bel-india.in/login.php,Apply Online,0,DIRECT_APPLY
https://fci.gov.in/applyonline,Online Application Form,0,DIRECT_APPLY
https://nabard.org/registration/,New Registration,0,DIRECT_APPLY
https://upsc.gov.in/media,Share on Twitter,3,IGNORE
https://upsconline.nic.in/ora/candidate/registration.php,New Registration ORA UPSC,0,DIRECT_APPLY
https://bhel.com/opportunities,HAL Vacancy Circular,1,CAREER_PAGE
https://nabard.org/documents/TSPSC-Circular-2025.pdf,Engineering Services Examination (ESE) 2026 - Download Notification PDF,2,NOTIFICATION_PDF
https://isro.gov.in/careers,FCI Advertisement No. 17/2024,1,CAREER_PAGE
https://bpclcareers.co.in/register,BPCL MT Apply Online Portal,0,DIRECT_APPLY
https://delhimetrorail.com/openings,DMRC Recruitment Drive 2025,1,CAREER_PAGE
https://ntpc.co.in/documents/EPFO-Notification-2024.pdf,EPFO Official Notification PDF 2024,2,NOTIFICATION_PDF
https://stpi.in/recruitment,Walk-in Interview at IOCL,1,CAREER_PAGE
https://licindia.in/online-apply.php,Register Now,0,DIRECT_APPLY
https://navodaya.gov.in/acts-rules,Accessibility Statement,3,IGNORE
https://kvsangathan.nic.in/documents/CDAC-Notice-2024.pdf,Civil Services Examination (CSE) 2026 - Download Notification PDF,2,NOTIFICATION_PDF
https://ctet.nic.in/careers,Walk-in Interview at NIELIT,1,CAREER_PAGE
https://hal-india.co.in/new-reg/,Apply Online,0,DIRECT_APPLY
https://nta.ac.in/ora/candidate/,Submit Application,0,DIRECT_APPLY
https://cert-in.org.in/new-reg.aspx,Click Here to Apply,0,DIRECT_APPLY
https://ibps.in/documents/AIIMS-Circular-2024.pdf,Click here to download AIIMS recruitment notification,2,NOTIFICATION_PDF
https://ugc.gov.in/opportunities,NVS Recruitment,1,CAREER_PAGE
https://youtube.com/bel,Follow us on Facebook,3,IGNORE
https://kvsangathan.nic.in/online-apply,Submit Application,0,DIRECT_APPLY
https://kvsangathan.nic.in/documents/AAI-Notification-2026.pdf,Download Notice: IBPS Clerk Recruitment CRP Clerks-XIV,2,NOTIFICATION_PDF
https://upsc.gov.in/account/login.aspx,Apply Online,0,DIRECT_APPLY
https://ctet.nic.in/signup.jsp,ESIC Apply Online Registration,0,DIRECT_APPLY
https://nhmmp.gov.in/notice-board,Latest TSPSC Jobs,1,CAREER_PAGE
https://nabard.org/register/,New Registration,0,DIRECT_APPLY
https://stpi.in/notifications,DRDO Careers,1,CAREER_PAGE
https://bank.sbi/web/careers/apply-online,SBI PO Apply Online Portal,0,DIRECT_APPLY
https://cert-in.org.in/documents/UPSC-Notification-2026.pdf,Civil Services Examination (CSE) 2026 - Download Notification PDF,2,NOTIFICATION_PDF
https://hal-india.co.in/positions,CDAC Recruitment,1,CAREER_PAGE
https://drdo.gov.in/notifications,RRB Notification 2024,1,CAREER_PAGE
https://joinindiannavy.gov.in/opportunities,NIC Current Vacancies,1,CAREER_PAGE
https://rac.gov.in/documents/ESIC-Notification-2026.pdf,ISRO ICRB Centralised Recruitment 2026 - Download Notification PDF,2,NOTIFICATION_PDF
https://indiapost.gov.in/registration/,Apply for Group-II Officer,0,DIRECT_APPLY
https://bank.sbi/index.html,Feedback,3,IGNORE
https://ibps.in/applyonline.aspx,Online Application Form,0,DIRECT_APPLY
https://bsnl.co.in/ora/candidate.php,New Registration,0,DIRECT_APPLY
https://fci.gov.in/login/,RBI Assistant Recruitment 2026 - Apply Online,0,DIRECT_APPLY
https://kvsangathan.nic.in/opportunities,SAIL Recruitment Drive 2025,1,CAREER_PAGE
https://railtelindia.com/sitemap,Site Map,3,IGNORE
https://gailonline.com/signup.jsp,Click Here to Apply,0,DIRECT_APPLY
https://bsnl.co.in/faq,Site Map,3,IGNORE
https://t.me/bel,Subscribe to Newsletter,3,IGNORE
https://fci.gov.in/register.aspx,Click Here to Apply,0,DIRECT_APPLY
https://csir.res.in/index.aspx,Contact Us,3,IGNORE
https://dae.gov.in/sign-up/,Apply Online,0,DIRECT_APPLY
https://psc.ap.gov.in/recruitment,EPFO Careers,1,CAREER_PAGE
https://nta.ac.in/apply,Click Here to Apply,0,DIRECT_APPLY
https://wa.me/ntpc,Privacy Policy,3,IGNORE
https://licindia.in/documents/CSIR-Notification-2024.pdf,Download Notice: SBI PO Recruitment 2026,2,NOTIFICATION_PDF
https://ecil.co.in/current-openings,UPSC Notification 2026,1,CAREER_PAGE
https://drdo.gov.in/apply.php,Apply for Constable,0,DIRECT_APPLY
https://ssc.gov.in/online-apply.aspx,NIELIT Apply Online Registration,0,DIRECT_APPLY
https://gailonline.com/documents/APPSC-Notice-2025.pdf,NABARD Grade A & B Officer Recruitment 2026 - Download Notification PDF,2,NOTIFICATION_PDF
https://pinterest.com/nta,Citizen Charter,3,IGNORE
https://gailonline.com/media,Citizen Charter,3,IGNORE
https://ctet.nic.in/feedback,Accessibility Statement,3,IGNORE
https://kvsangathan.nic.in/apply,KVS PGT TGT Apply Online,0,DIRECT_APPLY
https://aiimsexams.ac.in/documents/ESIC-Notification-2026.pdf,Download Notice: Combined Graduate Level Examination (CGL) 2026,2,NOTIFICATION_PDF
https://kvsangathan.nic.in/notifications,HAL Vacancy Circular,1,CAREER_PAGE
https://gailonline.com/opportunities,Latest APPSC Jobs,1,CAREER_PAGE
https://fci.gov.in/uploads/FCI-Manager-Grade-III-2026.pdf,FCI Manager Recruitment 2026 PDF,2,NOTIFICATION_PDF
https://delhimetrorail.com/sign-up.php,Register Now,0,DIRECT_APPLY
https://upsc.gov.in/documents/UPSC-Recruitment-2025.pdf,LIC AAO Recruitment 2026 - Download Notification PDF,2,NOTIFICATION_PDF
https://facebook.com/rbi,Citizen Charter,3,IGNORE
https://isro.gov.in/,Tender Notices,3,IGNORE
https://epfindia.gov.in/opportunities,TSPSC Vacancy Circular,1,CAREER_PAGE
https://joinindiannavy.gov.in/career,Walk-in Interview at DMRC,1,CAREER_PAGE
https://drdo.gov.in/help,RTI Information,3,IGNORE
https://rac.gov.in/,RAC DRDO Scientist Recruitment,1,CAREER_PAGE
https://bank.sbi/documents/PO-2026-notification.pdf,SBI PO 2026 Detailed Notification PDF,2,NOTIFICATION_PDF
https://indiapost.gov.in/account/login.jsp,Login to Apply,0,DIRECT_APPLY
https://upsc.gov.in/media,Feedback,3,IGNORE
https://ctet.nic.in/documents/ISRO-Notification-2026.pdf,Click here to download ISRO recruitment notification,2,NOTIFICATION_PDF
https://indiapost.gov.in/positions,SEBI Notification 2026,1,CAREER_PAGE
https://joinindiannavy.gov.in/register.php,ESIC Apply Online Registration,0,DIRECT_APPLY
https://linkedin.com/ntpc,Citizen Charter,3,IGNORE
https://railtelindia.com/contact,Accessibility Statement,3,IGNORE
https://navodaya.gov.in/openings,Walk-in Interview at TSPSC,1,CAREER_PAGE
https://nielit.gov.in/index.html,Contact Us,3,IGNORE
https://ugc.gov.in/advertisements,Latest NTPC Jobs,1,CAREER_PAGE
https://barc.gov.in/login.jsp,Click Here to Apply,0,DIRECT_APPLY
https://kvsangathan.nic.in/apply.php,New Registration,0,DIRECT_APPLY
https://drdo.gov.in/documents/IOCL-Recruitment-2025.pdf,Detailed Advertisement for Stenographer Grade C,2,NOTIFICATION_PDF
https://rrbcdg.gov.in/positions,Latest CSIR Jobs,1,CAREER_PAGE
https://bhel.com/notifications,Latest EPFO Jobs,1,CAREER_PAGE
https://fci.gov.in/login.jsp,Register Now,0,DIRECT_APPLY
https://ongcindia.com/candidate/registration,Click Here to Apply,0,DIRECT_APPLY
https://iocl.com/vacancies,CSIR Recruitment Drive 2024,1,CAREER_PAGE
https://ibps.in/applyonline.aspx,Online Application Form,0,DIRECT_APPLY
https://sebi.gov.in/index.html,RTI Information,3,IGNORE
https://wa.me/nta,RTI Information,3,IGNORE
https://navodaya.gov.in/register.aspx,IBPS Apply Online Registration,0,DIRECT_APPLY
https://instagram.com/lic,Follow us on Facebook,3,IGNORE
https://sebi.gov.in/online-apply.aspx,Login to Apply,0,DIRECT_APPLY
https://tspsc.gov.in/documents/GAIL-Circular-2025.pdf,Download Notice: LIC ADO Recruitment 2026,2,NOTIFICATION_PDF
https://esic.gov.in/apply.php,Junior Engineer (JE) Recruitment 2026 - Apply Online,0,DIRECT_APPLY
https://gailonline.com/documents/TSPSC-Notice-2026.pdf,Download Notice: Combined Graduate Level Examination (CGL) 2026,2,NOTIFICATION_PDF
https://ongcindia.com/online-apply.php,RBI Grade B Officer Recruitment 2026 - Apply Online,0,DIRECT_APPLY
https://cbseresults.nic.in/documents/NTPC-Circular-2024.pdf,NTPC Official Notification PDF 2024,2,NOTIFICATION_PDF
https://kvsangathan.nic.in/documents/BHEL-Recruitment-2025.pdf,Click here to download BHEL recruitment notification,2,NOTIFICATION_PDF
https://powergrid.in/documents/SAIL-Circular-2024.pdf,Download Notice: Combined Defence Services Examination (CDS) 2026,2,NOTIFICATION_PDF
https://bank.sbi/ora/candidate.aspx,Click Here to Apply,0,DIRECT_APPLY
https://ssc.gov.in/ora/candidate/,Apply for Inspector of Posts,0,DIRECT_APPLY
https://nielit.gov.in/current-openings,RRB Current Vacancies,1,CAREER_PAGE
https://ctet.nic.in/opportunities,DRDO Vacancy Circular,1,CAREER_PAGE
https://nhmmp.gov.in/applyonline.php,Register Now,0,DIRECT_APPLY
https://rbi.org.in/jobs,ISRO Current Vacancies,1,CAREER_PAGE
https://nielit.gov.in/sitemap,Important Links,3,IGNORE
https://coalindia.in/documents/ISRO-Notice-2026.pdf,Click here to download ISRO recruitment notification,2,NOTIFICATION_PDF
https://sailcareers.com/apply,SAIL MT Apply Registration,0,DIRECT_APPLY
https://youtube.com/sscofficial,SSC Official YouTube Channel,3,IGNORE
https://ugc.gov.in/disclaimer,Follow us on Facebook,3,IGNORE
https://ibps.in/new-reg,Click Here to Apply,0,DIRECT_APPLY
https://cbseresults.nic.in/notice-board,RRB Advertisement No. 4/2024,1,CAREER_PAGE
https://cdac.in/faq,Help & FAQ,3,IGNORE
https://barc.gov.in/candidate/registration,New Registration,0,DIRECT_APPLY
https://wa.me/919876543210,WhatsApp Group Join Link,3,IGNORE
https://dae.gov.in/opportunities,GAIL Advertisement No. 20/2025,1,CAREER_PAGE
https://facebook.com/upsc.gov.in,Follow UPSC on Facebook,3,IGNORE
https://ctet.nic.in/online-apply.php,Apply for Primary Teacher (PRT),0,DIRECT_APPLY
https://delhimetrorail.com/documents/RRB-Recruitment-2026.pdf,RRB Official Notification PDF 2026,2,NOTIFICATION_PDF
https://nhmmp.gov.in/current-openings,SBI Vacancy Circular,1,CAREER_PAGE
https://hal-india.co.in/citizen-charter,About Us,3,IGNORE
https://navodaya.gov.in/ora/candidate.aspx,UPSC Apply Online Registration,0,DIRECT_APPLY
https://aai.aero/documents/CSIR-Advertisement-2025.pdf,Click here to download CSIR recruitment notification,2,NOTIFICATION_PDF
https://t.me/nta,Subscribe to Newsletter,3,IGNORE
https://powergrid.in/documents/UPSC-Recruitment-2024.pdf,UPSC Official Notification PDF 2024,2,NOTIFICATION_PDF
https://nielit.gov.in/advertisements,BARC Current Vacancies,1,CAREER_PAGE
https://esic.gov.in/recruitment,ESIC Recruitment Notifications,1,CAREER_PAGE
https://powergrid.in/documents/UPSC-Notification-2025.pdf,Detailed Advertisement for Head Constable,2,NOTIFICATION_PDF
https://cbseresults.nic.in/notice-board,TSPSC Vacancy Circular,1,CAREER_PAGE
https://apply.bel-india.in/,BEL Project Engineer Apply,0,DIRECT_APPLY
https://nabard.org/notifications,NTA Vacancy Circular,1,CAREER_PAGE
https://sail.co.in/documents/BHEL-Notification-2025.pdf,Click here to download BHEL recruitment notification,2,NOTIFICATION_PDF
https://navodaya.gov.in/notifications,Latest DMRC Jobs,1,CAREER_PAGE
https://drdo.gov.in/documents/BEL-Circular-2026.pdf,Click here to download BEL recruitment notification,2,NOTIFICATION_PDF
https://cbseresults.nic.in/newreg/,Online Application Form,0,DIRECT_APPLY
https://pinterest.com/ongc,Tender Notices,3,IGNORE
https://meity.gov.in/feedback,Acts & Rules,3,IGNORE
https://ecil.co.in/documents/CSIR-Advertisement-2025.pdf,Detailed Advertisement for Technical Officer,2,NOTIFICATION_PDF
https://nielit.gov.in/login.php,Login to Apply,0,DIRECT_APPLY
https://tspsc.gov.in/about.jsp,About TSPSC Commission,3,IGNORE
https://bsnl.co.in/vacancies,BEL Vacancy Circular,1,CAREER_PAGE
https://fci.gov.in/,Photo Gallery,3,IGNORE
https://iocl.com/careers,TSPSC Careers,1,CAREER_PAGE
https://nhmmp.gov.in/index.html,Help & FAQ,3,IGNORE
https://gailonline.com/documents/RRB-Notification-2026.pdf,Download Notice: Stenographer Grade C & D Recruitment 2026,2,NOTIFICATION_PDF
https://stpi.in/documents/DMRC-Circular-2024.pdf,Download Notice: Combined Higher Secondary Level Examination (CHSL) 2026,2,NOTIFICATION_PDF
https://esic.gov.in/documents/APPSC-Advertisement-2025.pdf,IBPS RRB Officer Scale-I Recruitment 2026 - Download Notification PDF,2,NOTIFICATION_PDF
https://epfindia.gov.in/jobs,CDAC Advertisement No. 17/2024,1,CAREER_PAGE
https://meity.gov.in/documents/SSC-Recruitment-2024.pdf,SSC Official Notification PDF 2024,2,NOTIFICATION_PDF
https://joinindiannavy.gov.in/documents/NTA-Advertisement-2024.pdf,Click here to download NTA recruitment notification,2,NOTIFICATION_PDF
https://drdo.gov.in/documents/NTPC-Circular-2024.pdf,NTPC Official Notification PDF 2024,2,NOTIFICATION_PDF
https://rbi.org.in/sign-up.php,KVS Apply Online Registration,0,DIRECT_APPLY
https://cert-in.org.in/vacancies,NTPC Current Vacancies,1,CAREER_PAGE
https://ibps.in/online-apply/,Register Now,0,DIRECT_APPLY
https://iocl.com/tender,Home Page,3,IGNORE
https://nhmmp.gov.in/jobs,IBPS Recruitment,1,CAREER_PAGE
https://bank.sbi/candidate/registration,Apply Online,0,DIRECT_APPLY
https://joinindiannavy.gov.in/register.php,New Registration,0,DIRECT_APPLY
https://sail.co.in/newreg,Login to Apply,0,DIRECT_APPLY
https://ntpc.co.in/applyonline/,FCI Apply Online Registration,0,DIRECT_APPLY
https://uidai.gov.in/gallery,RTI Information,3,IGNORE
https://isro.gov.in/documents/RRB-Notice-2025.pdf,Download Notice: IBPS Clerk Recruitment CRP Clerks-XIV,2,NOTIFICATION_PDF
https://aai.aero/current-openings,SSC Current Vacancies,1,CAREER_PAGE
https://meity.gov.in/register.aspx,New Registration,0,DIRECT_APPLY
https://nielit.gov.in/documents/DRDO-Recruitment-2024.pdf,DRDO Official Notification PDF 2024,2,NOTIFICATION_PDF
https://nic.in/new-reg.jsp,Online Application Form,0,DIRECT_APPLY
https://barc.gov.in/documents/BEL-Circular-2024.pdf,IBPS RRB Officer Scale-I Recruitment 2026 - Download Notification PDF,2,NOTIFICATION_PDF
https://uidai.gov.in/documents/SBI-Notice-2024.pdf,SBI Official Notification PDF 2024,2,NOTIFICATION_PDF
https://dae.gov.in/annual-report,Feedback,3,IGNORE
https://powergrid.in/careers,TSPSC Advertisement No. 17/2024,1,CAREER_PAGE
https://drdo.gov.in/registration/,Apply Online,0,DIRECT_APPLY
https://twitter.com/lic,Disclaimer,3,IGNORE
https://ctet.nic.in/annual-report,Privacy Policy,3,IGNORE
https://dae.gov.in/current-openings,EPFO Notification 2026,1,CAREER_PAGE
https://bank.sbi/jobs,FCI Recruitment Drive 2024,1,CAREER_PAGE
https://nta.ac.in/documents/RBI-Notice-2024.pdf,Click here to download RBI recruitment notification,2,NOTIFICATION_PDF
https://drdo.gov.in/notifications,RBI Advertisement No. 14/2024,1,CAREER_PAGE
https://bank.sbi/new-reg.aspx,RBI Security Guard Recruitment 2026 - Apply Online,0,DIRECT_APPLY
https://ibps.in/documents/SSC-Notice-2026.pdf,Detailed Advertisement for Junior Accountant,2,NOTIFICATION_PDF
https://cert-in.org.in/citizen-charter,Help & FAQ,3,IGNORE
https://hpclcareers.in/register,HPCL Officer Apply Registration,0,DIRECT_APPLY
https://cdac.in/ora/candidate,New Registration,0,DIRECT_APPLY
https://cert-in.org.in/ora/candidate.aspx,Multi Tasking Staff (MTS) Examination 2026 - Apply Online,0,DIRECT_APPLY
https://ugc.gov.in/careers,Latest NTPC Jobs,1,CAREER_PAGE
https://coalindia.in/register,New Registration,0,DIRECT_APPLY
https://psc.ap.gov.in/ApplyOnline,APPSC Group I Apply Online,0,DIRECT_APPLY
https://cdac.in/positions,Latest KVS Jobs,1,CAREER_PAGE
https://epfindia.gov.in/openings,Latest BARC Jobs,1,CAREER_PAGE
https://nhmmp.gov.in/apply/,Submit Application,0,DIRECT_APPLY
https://bhel.com/account/login.aspx,Register Now,0,DIRECT_APPLY
https://iocl.com/about,About Us,3,IGNORE
https://aiimsexams.ac.in/sign-up.jsp,New Registration,0,DIRECT_APPLY
https://upsc.gov.in/,UPSC Home Page,3,IGNORE
https://sail.co.in/notifications,Latest ONGC Jobs,1,CAREER_PAGE
https://kvsangathan.nic.in/registration,Apply for Head Constable,0,DIRECT_APPLY
https://rbi.org.in/Scripts/Recruitment/Grade-B-2026.pdf,RBI Grade B 2026 Notification PDF,2,NOTIFICATION_PDF
https://indiapost.gov.in/apply,Combined Defence Services Examination (CDS) 2026 - Apply Online,0,DIRECT_APPLY
https://joinindianarmy.nic.in/acts-rules,Privacy Policy,3,IGNORE
https://wa.me/rbi,Site Map,3,IGNORE
https://delhimetrorail.com/openings,KVS Advertisement No. 18/2024,1,CAREER_PAGE
https://nta.ac.in/documents/ONGC-Notice-2024.pdf,Click here to download ONGC recruitment notification,2,NOTIFICATION_PDF
https://bsnl.co.in/documents/KVS-Recruitment-2026.pdf,IBPS PO/MT Recruitment CRP-XIV - Download Notification PDF,2,NOTIFICATION_PDF
https://upsc.gov.in/recruitment,APPSC Careers,1,CAREER_PAGE
https://rrbcdg.gov.in/candidate/registration/,Login to Apply,0,DIRECT_APPLY
https://ssc.gov.in/account/login.php,Online Application Form,0,DIRECT_APPLY
https://cdac.in/annual-report,Feedback,3,IGNORE
https://railtelindia.com/account/login.php,Submit Application,0,DIRECT_APPLY
https://ibps.in/new-reg.aspx,Apply for TGT Mathematics,0,DIRECT_APPLY
https://ibps.in/documents/BEL-Advertisement-2024.pdf,Click here to download BEL recruitment notification,2,NOTIFICATION_PDF
https://hal-india.co.in/advertisements,Walk-in Interview at FCI,1,CAREER_PAGE
https://railtelindia.com/documents/NABARD-Notification-2025.pdf,Detailed Advertisement for Nursing Officer,2,NOTIFICATION_PDF
https://ongcindia.com/web/ongcrecruit/careers,ONGC Recruitment Careers,1,CAREER_PAGE
https://joinindiannavy.gov.in/career,BEL Vacancy Circular,1,CAREER_PAGE
https://ibps.in/privacy-policy,Privacy Policy,3,IGNORE
https://barc.gov.in/documents/NTPC-Recruitment-2026.pdf,Click here to download NTPC recruitment notification,2,NOTIFICATION_PDF
https://ugc.gov.in/documents/ECIL-Advertisement-2024.pdf,ECIL Official Notification PDF 2024,2,NOTIFICATION_PDF
https://psc.ap.gov.in/vacancies,Walk-in Interview at SAIL,1,CAREER_PAGE
https://ssc.gov.in/new-reg.jsp,New Registration,0,DIRECT_APPLY
https://rrbcdg.gov.in/login.php,Apply for Section Officer,0,DIRECT_APPLY
https://joinindianarmy.nic.in/documents/ONGC-Notification-2024.pdf,ONGC Official Notification PDF 2024,2,NOTIFICATION_PDF
https://cbseresults.nic.in/opportunities,Walk-in Interview at NTPC,1,CAREER_PAGE
https://licindia.in/documents/BHEL-Notification-2026.pdf,Combined Graduate Level Examination (CGL) 2026 - Download Notification PDF,2,NOTIFICATION_PDF
https://joinindiannavy.gov.in/current-openings,HAL Careers,1,CAREER_PAGE
https://ssc.gov.in/online-apply/,Apply for Inspector of Posts,0,DIRECT_APPLY
https://joinindiannavy.gov.in/login.jsp,New Registration,0,DIRECT_APPLY
https://bel-india.in/documents/GAIL-Notice-2024.pdf,DRDO Scientist B Recruitment through RAC 2026 - Download Notification PDF,2,NOTIFICATION_PDF
https://upsc.gov.in/documents/SAIL-Advertisement-2024.pdf,Detailed Advertisement for Agniveer (General Duty),2,NOTIFICATION_PDF
https://ssc.gov.in/positions,BHEL Vacancy Circular,1,CAREER_PAGE
https://upsc.gov.in/apply.jsp,Apply for Postal Assistant,0,DIRECT_APPLY
https://barc.gov.in/opportunities,DMRC Notification 2025,1,CAREER_PAGE
https://uidai.gov.in/applyonline.aspx,SEBI Apply Online Registration,0,DIRECT_APPLY
https://rrbcdg.gov.in/notice-board,ESIC Current Vacancies,1,CAREER_PAGE
https://bhel.com/jobs,NVS Vacancy Circular,1,CAREER_PAGE
https://nielit.gov.in/advertisements,APPSC Advertisement No. 7/2026,1,CAREER_PAGE
https://instagram.com/ibps,Accessibility Statement,3,IGNORE
https://epfindia.gov.in/notifications,SEBI Recruitment,1,CAREER_PAGE
https://joinindiannavy.gov.in/registration.jsp,Stenographer Grade C & D Recruitment 2026 - Apply Online,0,DIRECT_APPLY
https://ongcindia.com/tender,Help & FAQ,3,IGNORE
https://pinterest.com/aiims,Subscribe to Newsletter,3,IGNORE
https://nic.in/careers/,NIC Careers Government IT Jobs,1,CAREER_PAGE
https://nhmmp.gov.in/newreg.jsp,New Registration,0,DIRECT_APPLY
https://licindia.in/careers,LIC Careers Recruitment,1,CAREER_PAGE
https://aai.aero/current-openings,Walk-in Interview at CSIR,1,CAREER_PAGE
https://meity.gov.in/candidate/registration.php,Apply Online,0,DIRECT_APPLY
https://rac.gov.in/advertisements,BEL Vacancy Circular,1,CAREER_PAGE
https://www.cdac.in/index.aspx?id=careers,CDAC Careers Current Vacancies,1,CAREER_PAGE
https://rac.gov.in/career,ONGC Recruitment,1,CAREER_PAGE
https://uidai.gov.in/advertisements,Walk-in Interview at ECIL,1,CAREER_PAGE
https://psc.ap.gov.in/tender,Accessibility Statement,3,IGNORE
https://hal-india.co.in/career,SAIL Recruitment Drive 2026,1,CAREER_PAGE
https://nic.in/notifications,Latest SBI Jobs,1,CAREER_PAGE
https://ntpc.co.in/openings,NTPC Advertisement No. 7/2025,1,CAREER_PAGE
https://bel-india.in/register.aspx,New Registration,0,DIRECT_APPLY
https://fci.gov.in/candidate/registration/,Apply for Degree College Lecturer,0,DIRECT_APPLY
https://navodaya.gov.in/nvs/en/Recruitment/,NVS Recruitment Notifications,1,CAREER_PAGE
https://opportunities.rbi.org.in/Scripts/ApplyOnline.aspx,RBI Grade B Apply Online,0,DIRECT_APPLY
https://tspsc.gov.in/careers,GAIL Careers,1,CAREER_PAGE
https://sebi.gov.in/opportunities,NIELIT Vacancy Circular,1,CAREER_PAGE
https://cbseresults.nic.in/,Feedback,3,IGNORE
https://pinterest.com/sebi,Home Page,3,IGNORE
https://delhimetrorail.com/documents/RBI-Circular-2026.pdf,Detailed Advertisement for Scientist B,2,NOTIFICATION_PDF
https://ibps.in/documents/NABARD-Recruitment-2026.pdf,Detailed Advertisement for Primary Teacher (PRT),2,NOTIFICATION_PDF
https://ntpc.co.in/signup/,Register Now,0,DIRECT_APPLY
https://barc.gov.in/positions,Walk-in Interview at IOCL,1,CAREER_PAGE
https://cbseresults.nic.in/notifications,GAIL Recruitment,1,CAREER_PAGE
https://ongcjobs.co.in/register,ONGC GT Apply Online Portal,0,DIRECT_APPLY
https://nic.in/new-reg,TSPSC Apply Online Registration,0,DIRECT_APPLY
https://opportunities.rbi.org.in/Scripts/Vacancies.aspx,RBI Vacancies Current,1,CAREER_PAGE
https://linkedin.com/drdo,Feedback,3,IGNORE
https://instagram.com/epfo,Photo Gallery,3,IGNORE
https://facebook.com/stpi,Annual Report,3,IGNORE
https://cdac.in/newreg,NTA Apply Online Registration,0,DIRECT_APPLY
https://esic.gov.in/contact,Acts & Rules,3,IGNORE
https://ntpc.co.in/newreg,Login to Apply,0,DIRECT_APPLY
https://kvsangathan.nic.in/applyonline.aspx,NTPC Apply Online Registration,0,DIRECT_APPLY
https://nhmmp.gov.in/documents/CDAC-Circular-2026.pdf,Indian Forest Service Examination 2026 - Download Notification PDF,2,NOTIFICATION_PDF
https://ctet.nic.in/documents/CSIR-Notice-2024.pdf,RBI Security Guard Recruitment 2026 - Download Notification PDF,2,NOTIFICATION_PDF
https://linkedin.com/lic,Site Map,3,IGNORE
https://barc.gov.in/privacy-policy,Help & FAQ,3,IGNORE
https://epfindia.gov.in/jobs,FCI Recruitment,1,CAREER_PAGE
https://psc.ap.gov.in/positions,TSPSC Recruitment Drive 2024,1,CAREER_PAGE
https://aai.aero/citizen-charter,Accessibility Statement,3,IGNORE
https://esic.gov.in/advertisements,Latest RRB Jobs,1,CAREER_PAGE
https://gailonline.com/notifications,NTA Careers,1,CAREER_PAGE
https://rrbcdg.gov.in/career,CDAC Recruitment Drive 2026,1,CAREER_PAGE
https://sail.co.in/media,Privacy Policy,3,IGNORE
https://nabard.org/current-openings,BARC Vacancy Circular,1,CAREER_PAGE
https://fci.gov.in/recruitment.php,FCI Recruitment Notifications,1,CAREER_PAGE
https://ntpc.co.in/documents/RBI-Notification-2025.pdf,Click here to download RBI recruitment notification,2,NOTIFICATION_PDF
https://wa.me/gail,Photo Gallery,3,IGNORE
https://navodaya.gov.in/documents/SSC-Advertisement-2026.pdf,Detailed Advertisement for Inspector of Posts,2,NOTIFICATION_PDF
https://ssc.gov.in/notice-board,SSC Notice Board Latest Notifications,1,CAREER_PAGE
https://meity.gov.in/vacancies,SBI Careers,1,CAREER_PAGE
https://navodaya.gov.in/recruitment,BEL Recruitment Drive 2025,1,CAREER_PAGE
https://coalindia.in/login.aspx,Register Now,0,DIRECT_APPLY
https://aiimsexams.ac.in/acts-rules,Contact Us,3,IGNORE
https://railtelindia.com/index.html,Accessibility Statement,3,IGNORE
https://cdac.in/citizen-charter,Follow us on Facebook,3,IGNORE
https://ssc.gov.in/privacy-policy,Citizen Charter,3,IGNORE
https://facebook.com/hal,Subscribe to Newsletter,3,IGNORE
https://ugc.gov.in/jobs,ISRO Advertisement No. 15/2026,1,CAREER_PAGE
https://ctet.nic.in/newreg.aspx,New Registration,0,DIRECT_APPLY
https://pinterest.com/nielit,Acts & Rules,3,IGNORE
https://nabard.org/sitemap,Follow us on Facebook,3,IGNORE
https://bank.sbi/advertisements,HAL Vacancy Circular,1,CAREER_PAGE
https://ecil.co.in/opportunities,SBI Advertisement No. 20/2025,1,CAREER_PAGE
https://upsc.gov.in/about,Share on Twitter,3,IGNORE
https://iocl.com/notifications,BARC Notification 2025,1,CAREER_PAGE
https://railtelindia.com/documents/SEBI-Recruitment-2025.pdf,Download Notice: Combined Defence Services Examination (CDS) 2026,2,NOTIFICATION_PDF
https://nta.ac.in/sign-up.jsp,New Registration,0,DIRECT_APPLY
https://drdo.gov.in/documents/ONGC-Circular-2025.pdf,Click here to download ONGC recruitment notification,2,NOTIFICATION_PDF
https://www.isro.gov.in/media_isro/pdf/Recruitment/ISRO-SAC-Advt-2026.pdf,ISRO SAC Scientist Recruitment Notification PDF,2,NOTIFICATION_PDF
https://nielit.gov.in/feedback,Help & FAQ,3,IGNORE
https://bel-india.in/apply,Apply for Grade B Officer,0,DIRECT_APPLY
https://ongcindia.com/contact,Contact Us,3,IGNORE
https://psc.ap.gov.in/documents/SAIL-Circular-2024.pdf,Download Notice: SEBI Grade A Officer Recruitment 2026,2,NOTIFICATION_PDF
https://ongcindia.com/help,Share on Twitter,3,IGNORE
https://rrbcdg.gov.in/opportunities,SSC Recruitment,1,CAREER_PAGE
https://t.me/ongc,Tender Notices,3,IGNORE
https://cdac.in/,Subscribe to Newsletter,3,IGNORE
https://drdo.gov.in/candidate/registration.jsp,Submit Application,0,DIRECT_APPLY
https://barc.gov.in/login/,AAI Apply Online Registration,0,DIRECT_APPLY
https://meity.gov.in/recruitment,AAI Recruitment Drive 2024,1,CAREER_PAGE
https://ssc.gov.in/assets/notice/SSC-CHSL-2026-Notice.pdf,SSC CHSL 2026 Notice PDF Download,2,NOTIFICATION_PDF
https://sail.co.in/new-reg.php,Login to Apply,0,DIRECT_APPLY
https://navodaya.gov.in/registration/,Login to Apply,0,DIRECT_APPLY
https://youtube.com/upsc,Privacy Policy,3,IGNORE
https://esic.gov.in/contact,Tender Notices,3,IGNORE
https://csir.res.in/vacancies,GAIL Notification 2026,1,CAREER_PAGE
https://joinindiannavy.gov.in/notice-board,LIC Vacancy Circular,1,CAREER_PAGE
https://isro.gov.in/online-apply.aspx,Online Application Form,0,DIRECT_APPLY
https://hal-india.co.in/Career%20with%20HAL/M__57,Career with HAL Recruitment,1,CAREER_PAGE
https://pinterest.com/gail,Home Page,3,IGNORE
https://uidai.gov.in/notice-board,NTA Recruitment,1,CAREER_PAGE
https://ugc.gov.in/positions,Latest KVS Jobs,1,CAREER_PAGE
https://joinindianarmy.nic.in/,Join Indian Army Recruitment,1,CAREER_PAGE
https://nhmmp.gov.in/candidate/registration,Click Here to Apply,0,DIRECT_APPLY
https://bsnl.co.in/documents/GAIL-Recruitment-2024.pdf,GAIL Official Notification PDF 2024,2,NOTIFICATION_PDF
https://nielit.gov.in/documents/ISRO-Notice-2026.pdf,Click here to download ISRO recruitment notification,2,NOTIFICATION_PDF
https://rrbcdg.gov.in/about,Share on Twitter,3,IGNORE
https://cbseresults.nic.in/documents/ISRO-Circular-2024.pdf,Download Notice: Combined Graduate Level Examination (CGL) 2026,2,NOTIFICATION_PDF
https://upsc.gov.in/ora/candidate.jsp,Register Now,0,DIRECT_APPLY
https://barc.gov.in/documents/TSPSC-Notice-2025.pdf,Click here to download TSPSC recruitment notification,2,NOTIFICATION_PDF
https://epfindia.gov.in/documents/TSPSC-Recruitment-2025.pdf,Download Notice: Junior Engineer (JE) Recruitment 2026,2,NOTIFICATION_PDF
https://joinindianarmy.nic.in/notice-board,STPI Current Vacancies,1,CAREER_PAGE
https://epfindia.gov.in/registration.php,SBI PO Recruitment 2026 - Apply Online,0,DIRECT_APPLY
https://drdo.gov.in/documents/AIIMS-Circular-2026.pdf,RBI Security Guard Recruitment 2026 - Download Notification PDF,2,NOTIFICATION_PDF
https://nhmmp.gov.in/documents/NIELIT-Recruitment-2026.pdf,Detailed Advertisement for Scientist/Engineer SC,2,NOTIFICATION_PDF
https://sail.co.in/documents/NVS-Advertisement-2026.pdf,NVS Official Notification PDF 2026,2,NOTIFICATION_PDF
https://ctet.nic.in/apply/,Submit Application,0,DIRECT_APPLY
https://sail.co.in/careers,ONGC Vacancy Circular,1,CAREER_PAGE
https://iocl.com/positions,Walk-in Interview at SAIL,1,CAREER_PAGE
https://joinindiannavy.gov.in/careers,BARC Careers,1,CAREER_PAGE
https://linkedin.com/kvs,Tender Notices,3,IGNORE
https://isro.gov.in/documents/BEL-Notification-2025.pdf,Detailed Advertisement for Assistant,2,NOTIFICATION_PDF
https://navodaya.gov.in/documents/SSC-Recruitment-2025.pdf,Detailed Advertisement for Group-I Officer,2,NOTIFICATION_PDF
https://ntpc.co.in/en/career,NTPC Career Opportunities,1,CAREER_PAGE
https://powergrid.in/documents/RRB-Circular-2025.pdf,Click here to download RRB recruitment notification,2,NOTIFICATION_PDF
https://fci.gov.in/vacancies,ECIL Careers,1,CAREER_PAGE
https://aiimsexams.ac.in/documents/CSIR-Circular-2026.pdf,Click here to download CSIR recruitment notification,2,NOTIFICATION_PDF
https://bsnl.co.in/citizen-charter,Privacy Policy,3,IGNORE
https://esic.gov.in/citizen-charter,About Us,3,IGNORE
https://meity.gov.in/tender,Citizen Charter,3,IGNORE
https://aai.aero/tender,Feedback,3,IGNORE
https://dae.gov.in/documents/NABARD-Advertisement-2025.pdf,Detailed Advertisement for Head Constable,2,NOTIFICATION_PDF
https://aiimsexams.ac.in/register/,Online Application Form,0,DIRECT_APPLY
https://nta.ac.in/register,Login to Apply,0,DIRECT_APPLY
https://bel-india.in/sitemap,BEL Site Map,3,IGNORE
https://ugc.gov.in/online-apply.php,National Defence Academy (NDA) Examination 2026 - Apply Online,0,DIRECT_APPLY
https://facebook.com/ongc,Contact Us,3,IGNORE
https://esic.gov.in/register,New Registration,0,DIRECT_APPLY
https://nielit.gov.in/privacy-policy,Follow us on Facebook,3,IGNORE
https://pinterest.com/esic,Help & FAQ,3,IGNORE
https://psc.ap.gov.in/sign-up,Combined Defence Services Examination (CDS) 2026 - Apply Online,0,DIRECT_APPLY
https://nabard.org/openings,DRDO Vacancy Circular,1,CAREER_PAGE
https://psc.ap.gov.in/jobs,Latest LIC Jobs,1,CAREER_PAGE
https://rbi.org.in/online-apply,ECIL Apply Online Registration,0,DIRECT_APPLY
https://dae.gov.in/applyonline,Submit Application,0,DIRECT_APPLY
https://nic.in/openings,Walk-in Interview at AAI,1,CAREER_PAGE
https://isro.gov.in/jobs,IBPS Advertisement No. 9/2025,1,CAREER_PAGE
https://rbi.org.in/signup.aspx,Click Here to Apply,0,DIRECT_APPLY
https://navodaya.gov.in/documents/SAIL-Notification-2025.pdf,SBI PO Recruitment 2026 - Download Notification PDF,2,NOTIFICATION_PDF
https://kvsangathan.nic.in/apply.php,Register Now,0,DIRECT_APPLY
https://bank.sbi/web/careers/current-openings,SBI Current Openings Careers,1,CAREER_PAGE
https://ecil.co.in/documents/NABARD-Advertisement-2026.pdf,NABARD Official Notification PDF 2026,2,NOTIFICATION_PDF
https://bsnl.co.in/login.aspx,Submit Application,0,DIRECT_APPLY
https://hal-india.co.in/disclaimer,Privacy Policy,3,IGNORE
https://meity.gov.in/ora/candidate.jsp,Login to Apply,0,DIRECT_APPLY
https://uidai.gov.in/candidate/registration.aspx,Apply Online,0,DIRECT_APPLY
https://bsnl.co.in/new-reg.jsp,Click Here to Apply,0,DIRECT_APPLY
https://bank.sbi/new-reg,Combined Graduate Level Examination (CGL) 2026 - Apply Online,0,DIRECT_APPLY
https://ugc.gov.in/documents/ESIC-Advertisement-2026.pdf,Junior Engineer (JE) Recruitment 2026 - Download Notification PDF,2,NOTIFICATION_PDF
https://iocl.com/account/login.php,Apply for Postal Assistant,0,DIRECT_APPLY
https://ntpc.co.in/jobs,KVS Vacancy Circular,1,CAREER_PAGE
https://facebook.com/gail,Photo Gallery,3,IGNORE
https://rrbcdg.gov.in/account/login.aspx,NABARD Apply Online Registration,0,DIRECT_APPLY
https://cert-in.org.in/media,Acts & Rules,3,IGNORE
https://nta.ac.in/documents/NABARD-Notification-2025.pdf,Detailed Advertisement for Section Officer,2,NOTIFICATION_PDF
https://bel-india.in/online-apply.php,Login to Apply,0,DIRECT_APPLY
https://powergrid.in/new-reg.jsp,Register Now,0,DIRECT_APPLY
https://youtube.com/sail,Photo Gallery,3,IGNORE
https://sail.co.in/documents/ESIC-Notification-2024.pdf,Detailed Advertisement for Specialist Officer (IT),2,NOTIFICATION_PDF
https://tspsc.gov.in/notifications/GroupI-2026.pdf,TSPSC Group I 2026 Notification PDF,2,NOTIFICATION_PDF
https://uidai.gov.in/help,Acts & Rules,3,IGNORE
https://youtube.com/gail,Tender Notices,3,IGNORE
https://esic.gov.in/annual-report,About Us,3,IGNORE
https://stpi.in/register.aspx,Register Now,0,DIRECT_APPLY
https://esic.gov.in/documents/LIC-Notification-2024.pdf,LIC Official Notification PDF 2024,2,NOTIFICATION_PDF
https://upsc.gov.in/tender,UPSC Tender Notices,3,IGNORE
https://stpi.in/documents/BEL-Advertisement-2025.pdf,BEL Official Notification PDF 2025,2,NOTIFICATION_PDF
https://licindia.in/account/login.php,New Registration,0,DIRECT_APPLY
https://wa.me/sebi,Share on Twitter,3,IGNORE
https://aiimsexams.ac.in/media,Important Links,3,IGNORE
https://rbi.org.in/signup/,SBI Specialist Officer (IT) Recruitment 2026 - Apply Online,0,DIRECT_APPLY
https://t.me/aiims,Disclaimer,3,IGNORE
https://joinindianarmy.nic.in/registration,Online Application Form,0,DIRECT_APPLY
https://gailonline.com/opportunities,IOCL Vacancy Circular,1,CAREER_PAGE
https://exams.nta.ac.in/CTET/register,CTET Apply Online Registration,0,DIRECT_APPLY
https://cbseresults.nic.in/documents/CSIR-Notice-2024.pdf,CSIR Official Notification PDF 2024,2,NOTIFICATION_PDF
https://dae.gov.in/documents/HAL-Notification-2025.pdf,Click here to download HAL recruitment notification,2,NOTIFICATION_PDF
https://isro.gov.in/account/login.jsp,New Registration,0,DIRECT_APPLY
https://fci.gov.in/careers,Latest UPSC Jobs,1,CAREER_PAGE
https://register-delhi.nielit.gov.in/,NIELIT Online Registration Portal,0,DIRECT_APPLY
https://epfindia.gov.in/vacancies,HAL Advertisement No. 2/2025,1,CAREER_PAGE
https://licindia.in/gallery,Follow us on Facebook,3,IGNORE
https://ibps.in/advertisements,AAI Recruitment,1,CAREER_PAGE
https://ecil.co.in/ora/candidate.aspx,Register Now,0,DIRECT_APPLY
https://indiapost.gov.in/vacancies,Walk-in Interview at FCI,1,CAREER_PAGE
https://nhmmp.gov.in/vacancies,LIC Recruitment,1,CAREER_PAGE
https://bhel.com/documents/AAI-Advertisement-2025.pdf,AAI Official Notification PDF 2025,2,NOTIFICATION_PDF
https://nielit.gov.in/acts-rules,Home Page,3,IGNORE
https://joinindiannavy.gov.in/tender,Tender Notices,3,IGNORE
https://kvsangathan.nic.in/index.aspx,RTI Information,3,IGNORE
https://isro.gov.in/documents/BHEL-Notice-2024.pdf,Detailed Advertisement for Group-II Officer,2,NOTIFICATION_PDF
https://psc.ap.gov.in/documents/ONGC-Circular-2025.pdf,ONGC Official Notification PDF 2025,2,NOTIFICATION_PDF
https://railtelindia.com/documents/AIIMS-Advertisement-2024.pdf,SBI Clerk Recruitment 2026 - Download Notification PDF,2,NOTIFICATION_PDF
https://coalindia.in/candidate/registration.php,Register Now,0,DIRECT_APPLY
https://kvsangathan.nic.in/gallery,Acts & Rules,3,IGNORE
https://ntpc.co.in/current-openings,SEBI Recruitment,1,CAREER_PAGE
https://rbi.org.in/career,Walk-in Interview at NVS,1,CAREER_PAGE
https://youtube.com/nabard,RTI Information,3,IGNORE
https://ibps.in/career,EPFO Notification 2024,1,CAREER_PAGE
https://linkedin.com/gail,Home Page,3,IGNORE
https://coalindia.in/career/apply,Coal India MT Apply Online,0,DIRECT_APPLY
https://rac.gov.in/account/login.aspx,New Registration,0,DIRECT_APPLY
https://kvsangathan.nic.in/careers,HAL Careers,1,CAREER_PAGE
https://www.nielit.gov.in/content/recruitment,NIELIT Recruitment Notifications,1,CAREER_PAGE
https://psc.ap.gov.in/applyonline/,Click Here to Apply,0,DIRECT_APPLY
https://iocl.com/new-reg.jsp,SBI Clerk Recruitment 2026 - Apply Online,0,DIRECT_APPLY
https://gailonline.com/signup.php,Apply Online,0,DIRECT_APPLY
https://t.me/sail,Disclaimer,3,IGNORE
https://epfindia.gov.in/signup/,Register Now,0,DIRECT_APPLY
https://facebook.com/ibps,Follow us on Facebook,3,IGNORE
https://ssc.gov.in/feedback,SSC Feedback Form,3,IGNORE
https://upsc.gov.in/career,UPSC Current Vacancies,1,CAREER_PAGE
https://ctet.nic.in/careers,NTPC Notification 2025,1,CAREER_PAGE
https://epfindia.gov.in/opportunities,NIELIT Vacancy Circular,1,CAREER_PAGE
https://barc.gov.in/feedback,Site Map,3,IGNORE
https://cdac.in/candidate/registration.aspx,Click Here to Apply,0,DIRECT_APPLY
https://ssc.gov.in/online-apply.jsp,Online Application Form,0,DIRECT_APPLY
https://aiimsexams.ac.in/notice-board,NIC Notification 2026,1,CAREER_PAGE
https://aiimsexams.ac.in/documents/NTA-Recruitment-2026.pdf,Click here to download NTA recruitment notification,2,NOTIFICATION_PDF
https://indiapost.gov.in/documents/BEL-Recruitment-2026.pdf,Download Notice: IBPS RRB Officer Scale-I Recruitment 2026,2,NOTIFICATION_PDF
https://cert-in.org.in/online-apply,Online Application Form,0,DIRECT_APPLY
https://aiimsexams.ac.in/current-openings,TSPSC Vacancy Circular,1,CAREER_PAGE
https://delhimetrorail.com/feedback,RTI Information,3,IGNORE
https://sebi.gov.in/documents/RBI-Advertisement-2026.pdf,Click here to download RBI recruitment notification,2,NOTIFICATION_PDF
https://meity.gov.in/online-apply,Online Application Form,0,DIRECT_APPLY
https://nabard.org/documents/GAIL-Circular-2025.pdf,Detailed Advertisement for Software Developer,2,NOTIFICATION_PDF
https://linkedin.com/nabard,Feedback,3,IGNORE
https://ntpc.co.in/advertisements,Walk-in Interview at NIELIT,1,CAREER_PAGE
https://barc.gov.in/candidate/registration.jsp,Combined Higher Secondary Level Examination (CHSL) 2026 - Apply Online,0,DIRECT_APPLY
https://ibps.in/documents/SAIL-Advertisement-2025.pdf,Download Notice: SBI PO Recruitment 2026,2,NOTIFICATION_PDF
https://upsc.gov.in/jobs,ECIL Recruitment Drive 2026,1,CAREER_PAGE
https://ntpc.co.in/online-apply.php,SEBI Apply Online Registration,0,DIRECT_APPLY
https://rbi.org.in/positions,ISRO Recruitment,1,CAREER_PAGE
https://licindia.in/documents/RRB-Circular-2025.pdf,Detailed Advertisement for Junior Resident,2,NOTIFICATION_PDF
https://joinindianarmy.nic.in/sign-up/,Submit Application,0,DIRECT_APPLY
https://uidai.gov.in/login.jsp,Civil Services Examination (CSE) 2026 - Apply Online,0,DIRECT_APPLY
https://aai.aero/recruitment,STPI Careers,1,CAREER_PAGE
https://ssc.gov.in/openings,AIIMS Notification 2026,1,CAREER_PAGE
https://coalindia.in/documents/CSIR-Notification-2026.pdf,CSIR Official Notification PDF 2026,2,NOTIFICATION_PDF
https://barc.gov.in/applyonline/,IBPS Apply Online Registration,0,DIRECT_APPLY
https://upsc.gov.in/positions,BARC Recruitment Drive 2026,1,CAREER_PAGE
https://drdo.gov.in/account/login,Apply for Constable,0,DIRECT_APPLY
https://barc.gov.in/documents/RBI-Recruitment-2025.pdf,RBI Official Notification PDF 2025,2,NOTIFICATION_PDF
https://upsc.gov.in/advertisements,Latest STPI Jobs,1,CAREER_PAGE
https://barc.gov.in/current-openings,Walk-in Interview at ONGC,1,CAREER_PAGE
https://iocl.com/careers,DMRC Advertisement No. 6/2026,1,CAREER_PAGE
https://isro.gov.in/documents/SSC-Notice-2024.pdf,Detailed Advertisement for PGT Computer Science,2,NOTIFICATION_PDF
https://nhmmp.gov.in/acts-rules,Annual Report,3,IGNORE
https://psc.ap.gov.in/newreg.php,Login to Apply,0,DIRECT_APPLY
https://isro.gov.in/apply,Apply for Clerk,0,DIRECT_APPLY
https://aiimsexams.ac.in/register.php,Online Application Form,0,DIRECT_APPLY
https://hal-india.co.in/online-apply,Click Here to Apply,0,DIRECT_APPLY
https://upsc.gov.in/citizen-charter,About Us,3,IGNORE
https://licindia.in/apply/,New Registration,0,DIRECT_APPLY
https://t.me/dmrc,Photo Gallery,3,IGNORE
https://facebook.com/nic,Site Map,3,IGNORE
https://psc.ap.gov.in/index.aspx,Help & FAQ,3,IGNORE
https://nta.ac.in/documents/SSC-Notification-2024.pdf,Download Notice: IBPS PO/MT Recruitment CRP-XIV,2,NOTIFICATION_PDF
https://joinindianarmy.nic.in/signup/,UPSC Apply Online Registration,0,DIRECT_APPLY
https://ibps.in/careers,NTA Recruitment,1,CAREER_PAGE
https://uidai.gov.in/sitemap,Site Map,3,IGNORE
https://epfindia.gov.in/documents/NVS-Recruitment-2025.pdf,Click here to download NVS recruitment notification,2,NOTIFICATION_PDF
https://tspsc.gov.in/opportunities,CSIR Notification 2026,1,CAREER_PAGE
https://cbseresults.nic.in/documents/STPI-Advertisement-2024.pdf,Download Notice: Multi Tasking Staff (MTS) Examination 2026,2,NOTIFICATION_PDF
https://pinterest.com/aai,Annual Report,3,IGNORE
https://wa.me/bhel,Contact Us,3,IGNORE
https://t.me/drdo,Annual Report,3,IGNORE
https://cdac.in/documents/SEBI-Recruitment-2024.pdf,Click here to download SEBI recruitment notification,2,NOTIFICATION_PDF
https://tspsc.gov.in/registration.aspx,Submit Application,0,DIRECT_APPLY
https://sail.co.in/candidate/registration.php,Click Here to Apply,0,DIRECT_APPLY
https://wa.me/fci,Share on Twitter,3,IGNORE
https://nic.in/help,Important Links,3,IGNORE
https://ssc.gov.in/openings,DRDO Notification 2026,1,CAREER_PAGE
https://ctet.nic.in/account/login,Click Here to Apply,0,DIRECT_APPLY
https://facebook.com/ibps,Home Page,3,IGNORE
https://dae.gov.in/faq,Annual Report,3,IGNORE
https://nabard.org/sign-up.php,RBI Grade B Officer Recruitment 2026 - Apply Online,0,DIRECT_APPLY
https://licindia.in/login.aspx,Login to Apply,0,DIRECT_APPLY
https://nic.in/documents/EPFO-Notice-2024.pdf,Detailed Advertisement for Constable,2,NOTIFICATION_PDF
https://kvsangathan.nic.in/advertisements,RBI Advertisement No. 17/2025,1,CAREER_PAGE
https://sail.co.in/citizen-charter,Disclaimer,3,IGNORE
https://dae.gov.in/notifications,EPFO Careers,1,CAREER_PAGE
https://aiimsexams.ac.in/ora/candidate.aspx,Apply Online,0,DIRECT_APPLY
https://gailonline.com/career,Latest ESIC Jobs,1,CAREER_PAGE
https://ecil.co.in/advertisements,NIELIT Recruitment,1,CAREER_PAGE
https://instagram.com/isro,Subscribe to Newsletter,3,IGNORE
https://joinindiannavy.gov.in/opportunities,Latest KVS Jobs,1,CAREER_PAGE
https://isro.gov.in/career,Walk-in Interview at IOCL,1,CAREER_PAGE
https://nic.in/index.aspx,Follow us on Facebook,3,IGNORE
https://sebi.gov.in/recruitment,ESIC Advertisement No. 6/2025,1,CAREER_PAGE
https://facebook.com/sebi,Tender Notices,3,IGNORE
https://rrbcdg.gov.in/candidate/registration.php,Submit Application,0,DIRECT_APPLY
https://rac.gov.in/online-apply.aspx,Register Now,0,DIRECT_APPLY
https://bhel.com/gallery,Acts & Rules,3,IGNORE
https://joinindiannavy.gov.in/,Acts & Rules,3,IGNORE
https://bank.sbi/citizen-charter,Share on Twitter,3,IGNORE
https://iocl.com/register,Apply Online,0,DIRECT_APPLY
https://rbi.org.in/documents/APPSC-Recruitment-2024.pdf,Download Notice: Junior Engineer (JE) Recruitment 2026,2,NOTIFICATION_PDF
https://cdac.in/sign-up.jsp,Register Now,0,DIRECT_APPLY
https://login.nabard.org/apply,NABARD Grade A Apply Online,0,DIRECT_APPLY
https://wa.me/ecil,Help & FAQ,3,IGNORE
https://powergrid.in/positions,AIIMS Recruitment Drive 2025,1,CAREER_PAGE
https://nhmmp.gov.in/signup.jsp,Apply for Agniveer (General Duty),0,DIRECT_APPLY
https://coalindia.in/notifications,ISRO Current Vacancies,1,CAREER_PAGE
https://cdac.in/login.php,Apply for Inspector of Posts,0,DIRECT_APPLY
https://esic.gov.in/documents/AAI-Recruitment-2024.pdf,Detailed Advertisement for Scientist B,2,NOTIFICATION_PDF
https://fci.gov.in/notifications,DMRC Recruitment,1,CAREER_PAGE
https://bhel.com/documents/SAIL-Notice-2024.pdf,Download Notice: LIC AAO Recruitment 2026,2,NOTIFICATION_PDF
https://www.isro.gov.in/,ISRO Indian Space Research Organisation,3,IGNORE
https://linkedin.com/nic,Important Links,3,IGNORE
https://wa.me/sbi,Important Links,3,IGNORE
https://ongcindia.com/applyonline.jsp,Register Now,0,DIRECT_APPLY
https://dae.gov.in/recruitment,GAIL Notification 2024,1,CAREER_PAGE
https://rac.gov.in/vacancies,CDAC Notification 2026,1,CAREER_PAGE
https://delhimetrorail.com/advertisements,AIIMS Recruitment Drive 2026,1,CAREER_PAGE
https://barc.gov.in/documents/BARC-Advertisement-2024.pdf,Indian Forest Service Examination 2026 - Download Notification PDF,2,NOTIFICATION_PDF
https://licindia.in/advertisements,STPI Vacancy Circular,1,CAREER_PAGE
https://onlineexam.sebi.gov.in/register,SEBI Grade A Apply Online,0,DIRECT_APPLY
https://sebi.gov.in/careers,BEL Recruitment Drive 2026,1,CAREER_PAGE
https://powergrid.in/online-apply.php,Stenographer Grade C & D Recruitment 2026 - Apply Online,0,DIRECT_APPLY
https://aai.aero/registration,Apply Online,0,DIRECT_APPLY
https://tspsc.gov.in/new-reg,Login to Apply,0,DIRECT_APPLY
https://nielit.gov.in/,Citizen Charter,3,IGNORE
https://nhmmp.gov.in/documents/ESIC-Notice-2026.pdf,Click here to download ESIC recruitment notification,2,NOTIFICATION_PDF
https://aai.aero/register.aspx,Apply for Scientist/Engineer SC,0,DIRECT_APPLY
https://nabard.org/applyonline.jsp,Register Now,0,DIRECT_APPLY
https://ssc.gov.in/documents/ONGC-Notification-2026.pdf,Click here to download ONGC recruitment notification,2,NOTIFICATION_PDF
https://ibpsonline.ibps.in/crp-po-nov26/registration.php,IBPS PO Apply Online Registration,0,DIRECT_APPLY
https://ugc.gov.in/openings,FCI Current Vacancies,1,CAREER_PAGE
https://navodaya.gov.in/index.html,Accessibility Statement,3,IGNORE
https://ugc.gov.in/notifications,GAIL Careers,1,CAREER_PAGE
https://navodaya.gov.in/citizen-charter,Site Map,3,IGNORE
https://rbi.org.in/careers,Walk-in Interview at NTPC,1,CAREER_PAGE
https://fci.gov.in/documents/BARC-Advertisement-2026.pdf,Stenographer Grade C & D Recruitment 2026 - Download Notification PDF,2,NOTIFICATION_PDF
https://ecil.co.in/documents/AAI-Advertisement-2025.pdf,Click here to download AAI recruitment notification,2,NOTIFICATION_PDF
https://barc.gov.in/positions,Latest IBPS Jobs,1,CAREER_PAGE
https://ibps.in/jobs,AAI Current Vacancies,1,CAREER_PAGE
https://ctet.nic.in/advertisements,Walk-in Interview at BEL,1,CAREER_PAGE
https://sail.co.in/vacancies,NIC Recruitment,1,CAREER_PAGE
https://rbi.org.in/documents/SAIL-Recruitment-2025.pdf,Click here to download SAIL recruitment notification,2,NOTIFICATION_PDF
https://navodaya.gov.in/contact,About Us,3,IGNORE
https://kvsangathan.nic.in/feedback,Subscribe to Newsletter,3,IGNORE
https://drdo.gov.in/privacy-policy,Citizen Charter,3,IGNORE
https://delhimetrorail.com/rti,Site Map,3,IGNORE
https://sebi.gov.in/new-reg/,Online Application Form,0,DIRECT_APPLY
https://psc.ap.gov.in/candidate/registration.php,Login to Apply,0,DIRECT_APPLY
https://nielit.gov.in/documents/IOCL-Recruitment-2024.pdf,Download Notice: National Defence Academy (NDA) Examination 2026,2,NOTIFICATION_PDF
https://drdo.gov.in/candidate/registration.aspx,IBPS Apply Online Registration,0,DIRECT_APPLY
https://navodaya.gov.in/documents/APPSC-Circular-2026.pdf,Detailed Advertisement for Management Trainee,2,NOTIFICATION_PDF
https://coalindia.in/gallery,Important Links,3,IGNORE
https://aai.aero/notice-board,NTA Recruitment,1,CAREER_PAGE
https://drdo.gov.in/,Disclaimer,3,IGNORE
https://cert-in.org.in/jobs,NTA Notification 2025,1,CAREER_PAGE
https://isro.gov.in/registration.php,Register Now,0,DIRECT_APPLY
https://bank.sbi/documents/RRB-Circular-2024.pdf,Detailed Advertisement for Clerk,2,NOTIFICATION_PDF
https://facebook.com/epfo,Accessibility Statement,3,IGNORE
https://psc.ap.gov.in/apply.php,Combined Higher Secondary Level Examination (CHSL) 2026 - Apply Online,0,DIRECT_APPLY
https://pinterest.com/hal,RTI Information,3,IGNORE
https://joinindiannavy.gov.in/register.jsp,Click Here to Apply,0,DIRECT_APPLY
https://barc.gov.in/index.html,Feedback,3,IGNORE
https://rbi.org.in/feedback,Acts & Rules,3,IGNORE
https://licindia.in/documents/CSIR-Circular-2025.pdf,Click here to download CSIR recruitment notification,2,NOTIFICATION_PDF
https://cert-in.org.in/vacancies,Latest FCI Jobs,1,CAREER_PAGE
https://dae.gov.in/documents/NIELIT-Circular-2026.pdf,LIC AAO Recruitment 2026 - Download Notification PDF,2,NOTIFICATION_PDF
https://tspsc.gov.in/documents/GAIL-Notification-2025.pdf,IBPS Clerk Recruitment CRP Clerks-XIV - Download Notification PDF,2,NOTIFICATION_PDF
https://hal-india.co.in/acts-rules,Annual Report,3,IGNORE
https://gailonline.com/vacancies,TSPSC Current Vacancies,1,CAREER_PAGE
https://pinterest.com/bel,Subscribe to Newsletter,3,IGNORE
https://isro.gov.in/documents/NTPC-Circular-2026.pdf,Click here to download NTPC recruitment notification,2,NOTIFICATION_PDF
https://nielit.gov.in/documents/SAIL-Advertisement-2026.pdf,SAIL Official Notification PDF 2026,2,NOTIFICATION_PDF
https://nielit.gov.in/recruitment,STPI Current Vacancies,1,CAREER_PAGE
https://dae.gov.in/documents/IBPS-Recruitment-2026.pdf,IBPS PO/MT Recruitment CRP-XIV - Download Notification PDF,2,NOTIFICATION_PDF
https://ibps.in/documents/SAIL-Circular-2024.pdf,Download Notice: LIC ADO Recruitment 2026,2,NOTIFICATION_PDF
https://nielit.gov.in/apply.php,BHEL Apply Online Registration,0,DIRECT_APPLY
https://rac.gov.in/new-reg/,Apply Online,0,DIRECT_APPLY
https://bsnl.co.in/signup/,Click Here to Apply,0,DIRECT_APPLY
https://joinindiannavy.gov.in/documents/SAIL-Notice-2025.pdf,Click here to download SAIL recruitment notification,2,NOTIFICATION_PDF
https://delhimetrorail.com/tender,Home Page,3,IGNORE
https://sail.co.in/documents/UPSC-Advertisement-2025.pdf,Download Notice: IBPS PO/MT Recruitment CRP-XIV,2,NOTIFICATION_PDF
https://ecil.co.in/career,RRB Notification 2025,1,CAREER_PAGE
https://nabard.org/documents/AIIMS-Recruitment-2024.pdf,AIIMS Official Notification PDF 2024,2,NOTIFICATION_PDF
https://aiimsexams.ac.in/ora/candidate/,Submit Application,0,DIRECT_APPLY
https://joinindiannavy.gov.in/advertisements,SSC Advertisement No. 4/2026,1,CAREER_PAGE
https://onlineapply.iocl.com/register,IOCL Engineer Apply Registration,0,DIRECT_APPLY
https://psc.ap.gov.in/disclaimer,RTI Information,3,IGNORE
https://rbi.org.in/faq,RTI Information,3,IGNORE
https://dfrccil.indianrailways.gov.in/register,Railway JE Apply Online,0,DIRECT_APPLY
https://ecil.co.in/acts-rules,Citizen Charter,3,IGNORE
https://gailonline.com/documents/STPI-Advertisement-2024.pdf,Civil Services Examination (CSE) 2026 - Download Notification PDF,2,NOTIFICATION_PDF
https://bank.sbi/documents/EPFO-Recruitment-2025.pdf,Engineering Services Examination (ESE) 2026 - Download Notification PDF,2,NOTIFICATION_PDF
https://facebook.com/appsc,Subscribe to Newsletter,3,IGNORE
https://nabard.org/candidate/registration,New Registration,0,DIRECT_APPLY
https://ecil.co.in/login,RBI Security Guard Recruitment 2026 - Apply Online,0,DIRECT_APPLY
https://aai.aero/en/careers,AAI Careers Recruitment,1,CAREER_PAGE
https://t.me/epfo,Home Page,3,IGNORE
https://iocl.com/online-apply.jsp,BEL Apply Online Registration,0,DIRECT_APPLY
https://licindia.in/login.aspx,IBPS PO/MT Recruitment CRP-XIV - Apply Online,0,DIRECT_APPLY
https://aiimsexams.ac.in/apply/,Apply for Scientist/Engineer SC,0,DIRECT_APPLY
https://delhimetrorail.com/about,Disclaimer,3,IGNORE
https://coalindia.in/documents/BHEL-Notice-2025.pdf,BHEL Official Notification PDF 2025,2,NOTIFICATION_PDF
https://nta.ac.in/jobs,NIC Recruitment,1,CAREER_PAGE
https://ntpc.co.in/documents/EPFO-Notification-2026.pdf,Stenographer Grade C & D Recruitment 2026 - Download Notification PDF,2,NOTIFICATION_PDF
https://nta.ac.in/opportunities,ONGC Careers,1,CAREER_PAGE
https://csir.res.in/career,RBI Advertisement No. 20/2026,1,CAREER_PAGE
https://kvsangathan.nic.in/positions,IBPS Recruitment Drive 2024,1,CAREER_PAGE
https://fci.gov.in/new-reg.aspx,Register Now,0,DIRECT_APPLY
https://stpi.in/online-apply/,Login to Apply,0,DIRECT_APPLY
https://cbseresults.nic.in/candidate/registration.php,Apply Online,0,DIRECT_APPLY
https://recruitment.cdac.in/register,CDAC Project Engineer Apply Online,0,DIRECT_APPLY
https://meity.gov.in/signup.aspx,National Defence Academy (NDA) Examination 2026 - Apply Online,0,DIRECT_APPLY
https://cert-in.org.in/candidate/registration.jsp,Apply for Sub Inspector,0,DIRECT_APPLY
https://psc.ap.gov.in/faq,Citizen Charter,3,IGNORE
https://railtelindia.com/documents/LIC-Recruitment-2026.pdf,LIC Official Notification PDF 2026,2,NOTIFICATION_PDF
https://recruitment.stpi.in/register,STPI Online Registration Form,0,DIRECT_APPLY
https://nic.in/documents/ISRO-Circular-2024.pdf,ISRO Official Notification PDF 2024,2,NOTIFICATION_PDF
https://wa.me/rrb,Site Map,3,IGNORE
https://powergrid.in/tender,Privacy Policy,3,IGNORE
https://drdo.gov.in/recruitment,TSPSC Advertisement No. 16/2024,1,CAREER_PAGE
https://nielit.gov.in/candidate/registration/,SEBI Apply Online Registration,0,DIRECT_APPLY
https://esic.gov.in/candidate/registration/,Login to Apply,0,DIRECT_APPLY
https://upsc.gov.in/feedback,Acts & Rules,3,IGNORE
https://kvsangathan.nic.in/new-reg,Login to Apply,0,DIRECT_APPLY
https://drdo.gov.in/career,CSIR Careers,1,CAREER_PAGE
https://iocl.com/jobs,BARC Recruitment Drive 2025,1,CAREER_PAGE
https://nielit.gov.in/recruitment,NVS Careers,1,CAREER_PAGE
https://railtelindia.com/index.html,Photo Gallery,3,IGNORE
https://isro.gov.in/signup.php,Submit Application,0,DIRECT_APPLY
https://instagram.com/stpi,Important Links,3,IGNORE
https://coalindia.in/signup.jsp,Click Here to Apply,0,DIRECT_APPLY
https://nta.ac.in/advertisements,STPI Current Vacancies,1,CAREER_PAGE
https://powergridjobs.co.in/register,PowerGrid ET Apply Online,0,DIRECT_APPLY
https://rrbcdg.gov.in/tender,Share on Twitter,3,IGNORE
https://rbi.org.in/documents/AIIMS-Advertisement-2026.pdf,Detailed Advertisement for Management Trainee,2,NOTIFICATION_PDF
https://linkedin.com/nic,Citizen Charter,3,IGNORE
https://ecil.co.in/notifications,SAIL Recruitment Drive 2025,1,CAREER_PAGE
https://wa.me/bhel,Citizen Charter,3,IGNORE
https://licindia.in/register/,Combined Graduate Level Examination (CGL) 2026 - Apply Online,0,DIRECT_APPLY
https://nielit.gov.in/account/login.jsp,Register Now,0,DIRECT_APPLY
https://barc.gov.in/newreg.php,Stenographer Grade C & D Recruitment 2026 - Apply Online,0,DIRECT_APPLY
https://sail.co.in/contact,Site Map,3,IGNORE
https://bsnl.co.in/openings,ONGC Notification 2026,1,CAREER_PAGE
https://dae.gov.in/sign-up.jsp,Apply Online,0,DIRECT_APPLY
https://nta.ac.in/careers,LIC Notification 2025,1,CAREER_PAGE
https://bel-india.in/recruitment,GAIL Recruitment Drive 2024,1,CAREER_PAGE
https://nielit.gov.in/index.aspx,Citizen Charter,3,IGNORE
https://rrbcdg.gov.in/account/login.php,Combined Higher Secondary Level Examination (CHSL) 2026 - Apply Online,0,DIRECT_APPLY
https://drdo.gov.in/openings,AAI Vacancy Circular,1,CAREER_PAGE
https://nielit.gov.in/vacancies,RRB Careers,1,CAREER_PAGE
https://psc.ap.gov.in/feedback,Home Page,3,IGNORE
https://rac.gov.in/documents/IBPS-Notice-2024.pdf,Download Notice: LIC ADO Recruitment 2026,2,NOTIFICATION_PDF
https://drdo.gov.in/tender,Tender Notices,3,IGNORE
https://csir.res.in/privacy-policy,Help & FAQ,3,IGNORE
https://kvsangathan.nic.in/positions,Latest NTPC Jobs,1,CAREER_PAGE
https://tspsc.gov.in/,Annual Report,3,IGNORE
https://ecil.co.in/documents/GAIL-Notification-2026.pdf,RBI Assistant Recruitment 2026 - Download Notification PDF,2,NOTIFICATION_PDF
https://sail.co.in/feedback,Site Map,3,IGNORE
https://nic.in/jobs,Latest EPFO Jobs,1,CAREER_PAGE
https://fci.gov.in/documents/BARC-Circular-2026.pdf,Download Notice: SEBI Grade A Officer Recruitment 2026,2,NOTIFICATION_PDF
https://iocl.com/help,Acts & Rules,3,IGNORE
https://meity.gov.in/documents/CSIR-Notification-2025.pdf,SEBI Grade A Officer Recruitment 2026 - Download Notification PDF,2,NOTIFICATION_PDF
https://ntpc.co.in/career,BHEL Recruitment Drive 2025,1,CAREER_PAGE
https://facebook.com/bel,Follow us on Facebook,3,IGNORE
https://gailonline.com/careers,RRB Advertisement No. 1/2025,1,CAREER_PAGE
https://delhimetrorail.com/signup.jsp,Register Now,0,DIRECT_APPLY
https://coalindia.in/login.jsp,Register Now,0,DIRECT_APPLY
https://meity.gov.in/faq,Share on Twitter,3,IGNORE
https://epfindia.gov.in/disclaimer,Disclaimer,3,IGNORE
https://powergrid.in/opportunities,Walk-in Interview at SAIL,1,CAREER_PAGE
https://esic.gov.in/documents/CDAC-Notification-2024.pdf,Detailed Advertisement for Gramin Dak Sevak,2,NOTIFICATION_PDF
https://ntpc.co.in/notice-board,DRDO Notification 2024,1,CAREER_PAGE
https://barc.gov.in/documents/SSC-Notice-2025.pdf,Download Notice: Combined Graduate Level Examination (CGL) 2026,2,NOTIFICATION_PDF
https://ctet.nic.in/sitemap,Share on Twitter,3,IGNORE
https://nta.ac.in/documents/GAIL-Recruitment-2026.pdf,Detailed Advertisement for Staff Nurse,2,NOTIFICATION_PDF
https://cdac.in/feedback,Subscribe to Newsletter,3,IGNORE
https://facebook.com/nielit,Follow us on Facebook,3,IGNORE
https://ssc.gov.in/documents/UPSC-Advertisement-2024.pdf,Combined Higher Secondary Level Examination (CHSL) 2026 - Download Notification PDF,2,NOTIFICATION_PDF
https://upsc.gov.in/apply.aspx,ESIC Apply Online Registration,0,DIRECT_APPLY
https://apply.hal-india.co.in/careers,HAL Online Application Portal,0,DIRECT_APPLY
https://ecil.co.in/jobs/,ECIL Jobs Current Openings,1,CAREER_PAGE
https://www.isro.gov.in/Careers.html,ISRO Careers Current Openings,1,CAREER_PAGE
https://ntpc.co.in/newreg.php,Register Now,0,DIRECT_APPLY
https://meity.gov.in/current-openings,NTA Advertisement No. 14/2024,1,CAREER_PAGE
https://aiimsexams.ac.in/index.html,Share on Twitter,3,IGNORE
https://tspsc.gov.in/newreg/,Register Now,0,DIRECT_APPLY
https://t.me/sebi,Tender Notices,3,IGNORE
https://nielit.gov.in/gallery,Home Page,3,IGNORE
https://cdac.in/current-openings,ECIL Recruitment,1,CAREER_PAGE
https://bank.sbi/newreg,Login to Apply,0,DIRECT_APPLY
https://nic.in/careers,RBI Current Vacancies,1,CAREER_PAGE
https://cbseresults.nic.in/notice-board,RBI Current Vacancies,1,CAREER_PAGE
https://nabard.org/career-notices.aspx,NABARD Career Notices,1,CAREER_PAGE
https://joinindianarmy.nic.in/documents/BARC-Notice-2024.pdf,Download Notice: Combined Defence Services Examination (CDS) 2026,2,NOTIFICATION_PDF
https://coalindia.in/current-openings,HAL Recruitment Drive 2024,1,CAREER_PAGE
https://tspsc.gov.in/documents/DRDO-Notification-2025.pdf,IBPS SO Specialist Officer Recruitment 2026 - Download Notification PDF,2,NOTIFICATION_PDF
https://aiimsexams.ac.in/career,IBPS Current Vacancies,1,CAREER_PAGE
https://isro.gov.in/new-reg/,Online Application Form,0,DIRECT_APPLY
https://rac.gov.in/opportunities,HAL Careers,1,CAREER_PAGE
https://fci.gov.in/login.php,New Registration,0,DIRECT_APPLY
https://cbseresults.nic.in/account/login.jsp,New Registration,0,DIRECT_APPLY
https://linkedin.com/bel,Site Map,3,IGNORE
https://uidai.gov.in/registration.jsp,Submit Application,0,DIRECT_APPLY
https://gailonline.com/login/,Register Now,0,DIRECT_APPLY
https://delhimetrorail.com/registration.aspx,Apply for Group-I Officer,0,DIRECT_APPLY
https://epfindia.gov.in/gallery,Site Map,3,IGNORE
https://bank.sbi/documents/TSPSC-Advertisement-2025.pdf,Combined Higher Secondary Level Examination (CHSL) 2026 - Download Notification PDF,2,NOTIFICATION_PDF
https://iocl.com/working-with-iocl,IOCL Working with IOCL Careers,1,CAREER_PAGE
https://tspsc.gov.in/documents/NABARD-Advertisement-2025.pdf,NABARD Official Notification PDF 2025,2,NOTIFICATION_PDF
https://aai.aero/login.php,NIELIT Apply Online Registration,0,DIRECT_APPLY
https://kvsangathan.nic.in/media,Photo Gallery,3,IGNORE
https://uidai.gov.in/vacancies,AIIMS Recruitment,1,CAREER_PAGE
https://ibps.in/rti,Important Links,3,IGNORE
https://ctet.nic.in/documents/LIC-Circular-2024.pdf,Download Notice: LIC ADO Recruitment 2026,2,NOTIFICATION_PDF
https://fci.gov.in/documents/DMRC-Circular-2025.pdf,Download Notice: Multi Tasking Staff (MTS) Examination 2026,2,NOTIFICATION_PDF
https://t.me/ecil,Annual Report,3,IGNORE
https://pinterest.com/nic,Privacy Policy,3,IGNORE
https://ongcindia.com/applyonline,Apply for Head Constable,0,DIRECT_APPLY
https://rac.gov.in/feedback,Contact Us,3,IGNORE
https://aiimsexams.ac.in/apply.jsp,Login to Apply,0,DIRECT_APPLY
https://rrbcdg.gov.in/positions,LIC Recruitment Drive 2024,1,CAREER_PAGE
https://wa.me/tspsc,Contact Us,3,IGNORE
https://barc.gov.in/tender,Feedback,3,IGNORE
https://nta.ac.in/tender,RTI Information,3,IGNORE
https://hal-india.co.in/career,Latest AIIMS Jobs,1,CAREER_PAGE
https://bank.sbi/account/login.php,Click Here to Apply,0,DIRECT_APPLY
https://rbi.org.in/sitemap,Acts & Rules,3,IGNORE
https://upsc.gov.in/index.aspx,Site Map,3,IGNORE
https://sebi.gov.in/online-apply.aspx,ONGC Apply Online Registration,0,DIRECT_APPLY
https://career.ntpc.co.in/register,NTPC ET Apply Registration Portal,0,DIRECT_APPLY
https://linkedin.com/gail,Share on Twitter,3,IGNORE
https://sail.co.in/documents/NTPC-Advertisement-2026.pdf,Click here to download NTPC recruitment notification,2,NOTIFICATION_PDF
https://linkedin.com/ibps,Disclaimer,3,IGNORE
https://railtelindia.com/newreg.aspx,Apply Online,0,DIRECT_APPLY
https://cbseresults.nic.in/applyonline.jsp,Online Application Form,0,DIRECT_APPLY
https://cris.org.in/apply/register,CRIS Developer Apply Online,0,DIRECT_APPLY
https://rac.gov.in/disclaimer,Accessibility Statement,3,IGNORE
https://ibps.in/apply.aspx,Online Application Form,0,DIRECT_APPLY
https://stpi.in/register.jsp,Login to Apply,0,DIRECT_APPLY
https://sebi.gov.in/documents/LIC-Recruitment-2025.pdf,Detailed Advertisement for Junior Analyst,2,NOTIFICATION_PDF
https://psc.ap.gov.in/Documents/notifications/GroupI-2026.pdf,APPSC Group I Notification 2026 PDF,2,NOTIFICATION_PDF
https://joinindianarmy.nic.in/recruitment,NTPC Recruitment,1,CAREER_PAGE
https://linkedin.com/appsc,Annual Report,3,IGNORE
https://indiapost.gov.in/advertisements,Latest AIIMS Jobs,1,CAREER_PAGE
https://stpi.in/candidate/registration.jsp,Online Application Form,0,DIRECT_APPLY
https://drdo.gov.in/feedback,Important Links,3,IGNORE
https://aai.aero/registration,Online Application Form,0,DIRECT_APPLY
https://ibpsonline.ibps.in/crp-so-nov26/registration.php,IBPS SO Apply Online Registration,0,DIRECT_APPLY
https://upsc.gov.in/jobs,ISRO Recruitment Drive 2026,1,CAREER_PAGE
https://iocl.com/newreg.jsp,Click Here to Apply,0,DIRECT_APPLY
https://hal-india.co.in/register,Apply for Constable,0,DIRECT_APPLY
https://linkedin.com/company/drdo,DRDO LinkedIn Page,3,IGNORE
https://rrbcdg.gov.in/account/login.aspx,Apply for Junior Engineer (Civil/Mechanical/Electrical/IT),0,DIRECT_APPLY
https://cert-in.org.in/positions,Walk-in Interview at BHEL,1,CAREER_PAGE
https://delhimetrorail.com/notifications,DRDO Vacancy Circular,1,CAREER_PAGE
https://exams.nta.ac.in/UGC-NET/register,NTA UGC NET Apply Registration,0,DIRECT_APPLY
https://ugc.gov.in/new-reg.php,Online Application Form,0,DIRECT_APPLY
https://careers.ecil.co.in/login.php,ECIL GET Registration Login,0,DIRECT_APPLY
https://ssc.gov.in/,Staff Selection Commission Home,3,IGNORE
https://cbseresults.nic.in/career,DRDO Recruitment Drive 2026,1,CAREER_PAGE
https://linkedin.com/sebi,Important Links,3,IGNORE
https://ssc.gov.in/new-reg.php,SBI Clerk Recruitment 2026 - Apply Online,0,DIRECT_APPLY
https://ssc.gov.in/contact-us,Contact SSC Regional Offices,3,IGNORE
https://t.me/aai,Help & FAQ,3,IGNORE
https://ctet.nic.in/documents/SEBI-Circular-2025.pdf,SEBI Official Notification PDF 2025,2,NOTIFICATION_PDF
https://nabard.org/new-reg.jsp,Apply Online,0,DIRECT_APPLY
https://esic.gov.in/feedback,Citizen Charter,3,IGNORE
https://joinindiannavy.gov.in/positions,EPFO Current Vacancies,1,CAREER_PAGE
https://ibps.in/wp-content/uploads/CRP-PO-XIV-Notification.pdf,IBPS PO XIV Detailed Notification PDF,2,NOTIFICATION_PDF
https://upsc.gov.in/about-us,About UPSC Commission,3,IGNORE
https://ibps.in/notifications,NTPC Notification 2026,1,CAREER_PAGE
https://instagram.com/dmrc,Subscribe to Newsletter,3,IGNORE
https://bhel.com/faq,Annual Report,3,IGNORE
https://ecil.co.in/documents/ESIC-Notice-2026.pdf,ESIC Official Notification PDF 2026,2,NOTIFICATION_PDF
https://epfindia.gov.in/index.aspx,Site Map,3,IGNORE
https://rrbcdg.gov.in/,RRB Recruitment Notifications,1,CAREER_PAGE
https://rac.gov.in/vacancies,ONGC Careers,1,CAREER_PAGE
https://licindia.in/documents/BEL-Notification-2025.pdf,Click here to download BEL recruitment notification,2,NOTIFICATION_PDF
https://bsnl.co.in/openings,APPSC Careers,1,CAREER_PAGE
https://licindia.in/,Annual Report,3,IGNORE
https://ssc.gov.in/assets/notice/SSC-CGL-2026-Notification.pdf,SSC CGL 2026 Notification PDF,2,NOTIFICATION_PDF
https://cbseresults.nic.in/notice-board,CDAC Advertisement No. 13/2024,1,CAREER_PAGE
https://ctet.nic.in/register,New Registration,0,DIRECT_APPLY
https://upsc.gov.in/annual-report,Site Map,3,IGNORE
https://aai.aero/documents/FCI-Notification-2024.pdf,Detailed Advertisement for Constable,2,NOTIFICATION_PDF
https://youtube.com/rrb,Disclaimer,3,IGNORE
https://upsc.gov.in/careers,Walk-in Interview at EPFO,1,CAREER_PAGE
https://facebook.com/nabard,Privacy Policy,3,IGNORE
https://tspsc.gov.in/current-openings,SSC Vacancy Circular,1,CAREER_PAGE
https://sail.co.in/careers,Walk-in Interview at STPI,1,CAREER_PAGE
https://fci.gov.in/current-openings,Latest ESIC Jobs,1,CAREER_PAGE
https://esic.gov.in/documents/HAL-Notification-2024.pdf,Detailed Advertisement for Technician B,2,NOTIFICATION_PDF
https://kvsangathan.nic.in/new-reg/,Online Application Form,0,DIRECT_APPLY
https://nic.in/sitemap,Site Map,3,IGNORE
https://indiapost.gov.in/documents/RBI-Notification-2026.pdf,Download Notice: ISRO Scientist/Engineer SC Recruitment 2026,2,NOTIFICATION_PDF
https://csir.res.in/help,Annual Report,3,IGNORE
https://rac.gov.in/privacy-policy,Important Links,3,IGNORE
https://www.ibps.in/,IBPS Recruitment CRP Notifications,1,CAREER_PAGE
https://nielit.gov.in/documents/NIELIT-Circular-2026.pdf,Download Notice: ISRO Scientist/Engineer SC Recruitment 2026,2,NOTIFICATION_PDF
https://nabard.org/recruitment,Latest ESIC Jobs,1,CAREER_PAGE
https://rrbcdg.gov.in/applyonline.php,Click Here to Apply,0,DIRECT_APPLY
https://application.fci.gov.in/register,FCI Manager Apply Registration,0,DIRECT_APPLY
https://joinindianarmy.nic.in/vacancies,HAL Careers,1,CAREER_PAGE
https://gailonline.com/documents/LIC-Notice-2024.pdf,LIC Official Notification PDF 2024,2,NOTIFICATION_PDF
https://upsc.gov.in/login.php,Apply for Software Developer,0,DIRECT_APPLY
https://ctet.nic.in/vacancies,ECIL Advertisement No. 11/2024,1,CAREER_PAGE
https://nielit.gov.in/documents/KVS-Notice-2024.pdf,Download Notice: LIC AAO Recruitment 2026,2,NOTIFICATION_PDF
https://stpi.in/documents/IOCL-Recruitment-2026.pdf,IOCL Official Notification PDF 2026,2,NOTIFICATION_PDF
https://uidai.gov.in/newreg.php,Login to Apply,0,DIRECT_APPLY
https://twitter.com/stpi,Follow us on Facebook,3,IGNORE
https://cdac.in/applyonline.jsp,RBI Assistant Recruitment 2026 - Apply Online,0,DIRECT_APPLY
https://uidai.gov.in/acts-rules,Accessibility Statement,3,IGNORE
https://aai.aero/opportunities,DMRC Recruitment Drive 2026,1,CAREER_PAGE
https://fci.gov.in/documents/NIC-Circular-2024.pdf,Download Notice: DRDO CEPTAM Recruitment 2026,2,NOTIFICATION_PDF
https://cert-in.org.in/faq,Feedback,3,IGNORE
https://rbi.org.in/media,Accessibility Statement,3,IGNORE
https://upsc.gov.in/sites/default/files/Advt-06-2026-engl.pdf,UPSC Advertisement No. 06/2026 PDF Download,2,NOTIFICATION_PDF
https://hal-india.co.in/newreg,DRDO Apply Online Registration,0,DIRECT_APPLY
https://nielit.gov.in/documents/BHEL-Recruitment-2026.pdf,Click here to download BHEL recruitment notification,2,NOTIFICATION_PDF
https://ecil.co.in/documents/BEL-Recruitment-2024.pdf,Detailed Advertisement for Research Engineer,2,NOTIFICATION_PDF
https://youtube.com/ntpc,Subscribe to Newsletter,3,IGNORE
https://ssc.gov.in/login,SSC Login and Apply Portal,0,DIRECT_APPLY
https://ssc.gov.in/documents/IBPS-Recruitment-2025.pdf,IBPS Official Notification PDF 2025,2,NOTIFICATION_PDF
https://navodaya.gov.in/apply,NVS Teacher Apply Online Registration,0,DIRECT_APPLY
https://navodaya.gov.in/recruitment,HAL Notification 2026,1,CAREER_PAGE
https://ugc.gov.in/documents/NTA-Circular-2024.pdf,Click here to download NTA recruitment notification,2,NOTIFICATION_PDF
https://youtube.com/iocl,Important Links,3,IGNORE
https://licindia.in/documents/HAL-Recruitment-2026.pdf,Download Notice: Multi Tasking Staff (MTS) Examination 2026,2,NOTIFICATION_PDF
https://upsconline.nic.in/ora/candidate/login.php,UPSC ORA Login Apply Online,0,DIRECT_APPLY
https://uidai.gov.in/documents/RBI-Circular-2025.pdf,Detailed Advertisement for Section Officer,2,NOTIFICATION_PDF
https://meity.gov.in/notice-board,IBPS Careers,1,CAREER_PAGE
https://stpi.in/opportunities,AIIMS Advertisement No. 6/2025,1,CAREER_PAGE
https://ugc.gov.in/documents/ISRO-Notification-2024.pdf,ISRO Official Notification PDF 2024,2,NOTIFICATION_PDF
https://nic.in/privacy-policy,RTI Information,3,IGNORE
https://meity.gov.in/candidate/registration.aspx,NIC Apply Online Registration,0,DIRECT_APPLY
https://fci.gov.in/contact,Contact Us,3,IGNORE
https://tspsc.gov.in/careers,SAIL Recruitment,1,CAREER_PAGE
https://indiapost.gov.in/registration.php,RRB Apply Online Registration,0,DIRECT_APPLY
https://rac.gov.in/career,IBPS Recruitment,1,CAREER_PAGE
https://isro.gov.in/tender,Photo Gallery,3,IGNORE
https://rrbcdg.gov.in/current-openings,STPI Current Vacancies,1,CAREER_PAGE
https://indiapost.gov.in/documents/SSC-Recruitment-2026.pdf,Engineering Services Examination (ESE) 2026 - Download Notification PDF,2,NOTIFICATION_PDF
https://nic.in/career,Latest UPSC Jobs,1,CAREER_PAGE
https://coalindia.in/index.aspx,Privacy Policy,3,IGNORE
https://nabard.org/signup.aspx,Online Application Form,0,DIRECT_APPLY
https://drdo.gov.in/documents/NABARD-Recruitment-2026.pdf,Download Notice: IBPS PO/MT Recruitment CRP-XIV,2,NOTIFICATION_PDF
https://cdac.in/apply/,Click Here to Apply,0,DIRECT_APPLY
https://nic.in/privacy-policy,NIC Privacy Policy,3,IGNORE
https://rrbcdg.gov.in/notice-board,NTA Recruitment Drive 2025,1,CAREER_PAGE
https://esic.gov.in/new-reg.jsp,New Registration,0,DIRECT_APPLY
https://uidai.gov.in/rti,Feedback,3,IGNORE
https://coalindia.in/account/login.php,ESIC Apply Online Registration,0,DIRECT_APPLY
https://esic.gov.in/documents/ESIC-Notice-2024.pdf,Detailed Advertisement for Section Officer,2,NOTIFICATION_PDF
https://nabard.org/newreg.jsp,Click Here to Apply,0,DIRECT_APPLY
https://cert-in.org.in/help,Home Page,3,IGNORE
https://uidai.gov.in/rti,Accessibility Statement,3,IGNORE
https://barc.gov.in/apply.php,Apply Online,0,DIRECT_APPLY
https://t.me/nabard,Site Map,3,IGNORE
https://nabard.org/notifications,STPI Current Vacancies,1,CAREER_PAGE
https://ugc.gov.in/openings,RBI Advertisement No. 15/2026,1,CAREER_PAGE
https://exams.nta.ac.in/JEE-MAIN/register,JEE Main Online Registration,0,DIRECT_APPLY
https://hal-india.co.in/help.aspx,HAL Help FAQ Section,3,IGNORE
https://hal-india.co.in/media,Accessibility Statement,3,IGNORE
https://linkedin.com/sbi,Accessibility Statement,3,IGNORE
https://nhmmp.gov.in/account/login,Submit Application,0,DIRECT_APPLY
https://joinindianarmy.nic.in/current-openings,RBI Recruitment,1,CAREER_PAGE
https://indiapost.gov.in/documents/BEL-Notification-2025.pdf,Click here to download BEL recruitment notification,2,NOTIFICATION_PDF
https://psc.ap.gov.in/positions,Walk-in Interview at NTA,1,CAREER_PAGE
https://fci.gov.in/advertisements,NTA Advertisement No. 20/2025,1,CAREER_PAGE
https://epfindia.gov.in/signup.jsp,Login to Apply,0,DIRECT_APPLY
https://online.drdo.gov.in/drdoentry/register.aspx,DRDO Scientist Apply Register,0,DIRECT_APPLY
https://cbseresults.nic.in/vacancies,BHEL Current Vacancies,1,CAREER_PAGE
https://gailonline.com/documents/EPFO-Circular-2024.pdf,Click here to download EPFO recruitment notification,2,NOTIFICATION_PDF
https://aai.aero/tender,Citizen Charter,3,IGNORE
https://delhimetrorail.com/ora/candidate/,RRB Apply Online Registration,0,DIRECT_APPLY
https://cdac.in/faq,Share on Twitter,3,IGNORE
https://drdo.gov.in/advertisements,KVS Current Vacancies,1,CAREER_PAGE
https://indiapost.gov.in/openings,Latest CDAC Jobs,1,CAREER_PAGE
https://barc.gov.in/documents/CDAC-Notification-2026.pdf,Download Notice: IBPS RRB Officer Scale-I Recruitment 2026,2,NOTIFICATION_PDF
https://coalindia.in/openings,GAIL Current Vacancies,1,CAREER_PAGE
https://rac.gov.in/openings,Latest BHEL Jobs,1,CAREER_PAGE
https://drdo.gov.in/documents/BARC-Notice-2024.pdf,Download Notice: Combined Graduate Level Examination (CGL) 2026,2,NOTIFICATION_PDF
https://www.isro.gov.in/gallery,ISRO Photo Gallery,3,IGNORE
https://indiapost.gov.in/jobs,AAI Notification 2026,1,CAREER_PAGE
https://sail.co.in/opportunities,SSC Vacancy Circular,1,CAREER_PAGE
https://joinindianarmy.nic.in/sign-up.jsp,Apply for PGT Computer Science,0,DIRECT_APPLY
https://powergrid.in/gallery,Contact Us,3,IGNORE
https://rbi.org.in/contact,RTI Information,3,IGNORE
https://barc.gov.in/documents/NIELIT-Circular-2026.pdf,NIELIT Official Notification PDF 2026,2,NOTIFICATION_PDF
https://isro.gov.in/documents/CSIR-Circular-2026.pdf,LIC ADO Recruitment 2026 - Download Notification PDF,2,NOTIFICATION_PDF
https://aiimsexams.ac.in/disclaimer,RTI Information,3,IGNORE
https://aiimsexams.ac.in/careers,BEL Vacancy Circular,1,CAREER_PAGE
https://bank.sbi/documents/BHEL-Recruitment-2024.pdf,Click here to download BHEL recruitment notification,2,NOTIFICATION_PDF
https://ibps.in/feedback,Follow us on Facebook,3,IGNORE
https://licindia.in/new-reg/,Apply Online,0,DIRECT_APPLY
https://joinindianarmy.nic.in/apply.jsp,Online Application Form,0,DIRECT_APPLY
https://t.me/rbi,About Us,3,IGNORE
https://iocl.com/current-openings,NIELIT Vacancy Circular,1,CAREER_PAGE
https://rrbcdg.gov.in/current-openings,IOCL Current Vacancies,1,CAREER_PAGE
https://ntpc.co.in/login/,Online Application Form,0,DIRECT_APPLY
https://bel-india.in/documents/HAL-Recruitment-2025.pdf,Detailed Advertisement for Stenographer Grade C,2,NOTIFICATION_PDF
https://ibps.in/career,Walk-in Interview at NIC,1,CAREER_PAGE
https://nabard.org/advertisements,Walk-in Interview at NTA,1,CAREER_PAGE
https://ugc.gov.in/rti,Feedback,3,IGNORE
https://drdo.gov.in/rti,DRDO RTI Information,3,IGNORE
https://upsc.gov.in/index.html,Tender Notices,3,IGNORE
https://bank.sbi/ora/candidate,New Registration,0,DIRECT_APPLY
https://railtelindia.com/documents/KVS-Notice-2026.pdf,Download Notice: IBPS SO Specialist Officer Recruitment 2026,2,NOTIFICATION_PDF
https://pinterest.com/kvs,Tender Notices,3,IGNORE
https://railtelindia.com/media,Subscribe to Newsletter,3,IGNORE
https://t.me/esic,Share on Twitter,3,IGNORE
https://fci.gov.in/notifications,IOCL Recruitment,1,CAREER_PAGE
https://ntpc.co.in/sites/default/files/ET-GATE-2026.pdf,NTPC ET through GATE 2026 PDF,2,NOTIFICATION_PDF
https://bel-india.in/registration.aspx,Apply Online,0,DIRECT_APPLY
https://ibps.in/documents/ISRO-Circular-2026.pdf,Click here to download ISRO recruitment notification,2,NOTIFICATION_PDF
https://delhimetrorail.com/documents/HAL-Notice-2026.pdf,IBPS Clerk Recruitment CRP Clerks-XIV - Download Notification PDF,2,NOTIFICATION_PDF
https://psc.ap.gov.in/aboutUs,About APPSC History,3,IGNORE
https://nhmmp.gov.in/openings,IBPS Careers,1,CAREER_PAGE
https://bsnl.co.in/documents/DRDO-Circular-2024.pdf,Combined Higher Secondary Level Examination (CHSL) 2026 - Download Notification PDF,2,NOTIFICATION_PDF
https://bel-india.in/faq,Annual Report,3,IGNORE
https://hal-india.co.in/registration,Click Here to Apply,0,DIRECT_APPLY
https://cdac.in/index.aspx?id=about,About CDAC Organisation,3,IGNORE
https://aai.aero/notice-board,NIC Recruitment,1,CAREER_PAGE
https://meity.gov.in/feedback,Tender Notices,3,IGNORE
https://aai.aero/documents/SEBI-Advertisement-2024.pdf,SEBI Official Notification PDF 2024,2,NOTIFICATION_PDF
https://isro.gov.in/documents/AIIMS-Recruitment-2024.pdf,ISRO Scientist/Engineer SC Recruitment 2026 - Download Notification PDF,2,NOTIFICATION_PDF
https://gailonline.com/faq,Tender Notices,3,IGNORE
https://drdo.gov.in/account/login.php,Register Now,0,DIRECT_APPLY
https://licindia.in/recruitment,Walk-in Interview at HAL,1,CAREER_PAGE
https://powergrid.in/apply,Apply for Panchayat Secretary,0,DIRECT_APPLY
https://railtelindia.com/openings,SSC Recruitment Drive 2026,1,CAREER_PAGE
https://youtube.com/nic,Accessibility Statement,3,IGNORE
https://tspsc.gov.in/disclaimer,Citizen Charter,3,IGNORE
https://rectt.isro.gov.in/registration,ISRO Scientist Registration Apply,0,DIRECT_APPLY
https://drdo.gov.in/signup.php,Civil Services Examination (CSE) 2026 - Apply Online,0,DIRECT_APPLY
https://iocl.com/documents/UPSC-Notice-2024.pdf,Detailed Advertisement for Head Constable,2,NOTIFICATION_PDF
https://upsc.gov.in/jobs,NTA Notification 2026,1,CAREER_PAGE
https://facebook.com/iocl,Help & FAQ,3,IGNORE
https://uidai.gov.in/applyonline.php,Submit Application,0,DIRECT_APPLY
https://nta.ac.in/,NTA Examination Notifications,1,CAREER_PAGE
https://nhmmp.gov.in/faq,About Us,3,IGNORE
https://kvsangathan.nic.in/careers,KVS Recruitment Teacher Vacancies,1,CAREER_PAGE
https://hal-india.co.in/documents/TSPSC-Advertisement-2025.pdf,TSPSC Official Notification PDF 2025,2,NOTIFICATION_PDF
https://stpi.in/applyonline.aspx,Online Application Form,0,DIRECT_APPLY
https://navodaya.gov.in/applyonline/,FCI Apply Online Registration,0,DIRECT_APPLY
https://hal-india.co.in/disclaimer,Feedback,3,IGNORE
https://instagram.com/iocl,Subscribe to Newsletter,3,IGNORE
https://rrbcdg.gov.in/registration.aspx,Register Now,0,DIRECT_APPLY
https://sebi.gov.in/career,AAI Recruitment,1,CAREER_PAGE
https://csir.res.in/newreg/,Apply for Executive Trainee,0,DIRECT_APPLY
https://upsc.gov.in/documents/UPSC-Advertisement-2025.pdf,Download Notice: Civil Services Examination (CSE) 2026,2,NOTIFICATION_PDF
https://isro.gov.in/faq,Accessibility Statement,3,IGNORE
https://bhel.com/documents/HAL-Notification-2024.pdf,Download Notice: ISRO Technician B Recruitment 2026,2,NOTIFICATION_PDF
https://tspsc.gov.in/positions,Latest NABARD Jobs,1,CAREER_PAGE
https://bel-india.in/documents/BARC-Notice-2025.pdf,ISRO Scientist/Engineer SC Recruitment 2026 - Download Notification PDF,2,NOTIFICATION_PDF
https://bel-india.in/feedback,Photo Gallery,3,IGNORE
https://instagram.com/csir,Acts & Rules,3,IGNORE
https://ssc.gov.in/registration.jsp,Click Here to Apply,0,DIRECT_APPLY
https://instagram.com/sebi,Subscribe to Newsletter,3,IGNORE
https://rbi.org.in/notice-board,Walk-in Interview at AAI,1,CAREER_PAGE
https://csir.res.in/documents/TSPSC-Notification-2024.pdf,Click here to download TSPSC recruitment notification,2,NOTIFICATION_PDF
https://coalindia.in/index.aspx,Citizen Charter,3,IGNORE
https://ssc.gov.in/documents/STPI-Recruitment-2025.pdf,LIC ADO Recruitment 2026 - Download Notification PDF,2,NOTIFICATION_PDF
https://pinterest.com/aai,Share on Twitter,3,IGNORE
https://ssc.gov.in/index.html,SSC Main Page,3,IGNORE
https://tspsc.gov.in/TSPSCWEB/Recruitment.jsp,TSPSC Recruitment Notifications,1,CAREER_PAGE
https://esic.gov.in/citizen-charter,Subscribe to Newsletter,3,IGNORE
https://rac.gov.in/notice-board,FCI Recruitment,1,CAREER_PAGE
https://ssc.gov.in/notice-board,UPSC Notification 2026,1,CAREER_PAGE
https://www.joinindiannavy.gov.in/en/account/login,Indian Navy Candidate Login Apply,0,DIRECT_APPLY
https://barc.gov.in/online-apply,New Registration,0,DIRECT_APPLY
https://rrbcdg.gov.in/apply.aspx,Combined Higher Secondary Level Examination (CHSL) 2026 - Apply Online,0,DIRECT_APPLY
https://gailonline.com/tender,Subscribe to Newsletter,3,IGNORE
https://ongcindia.com/vacancies,AAI Recruitment,1,CAREER_PAGE
https://ecil.co.in/documents/ECIL-Notification-2025.pdf,Download Notice: Combined Higher Secondary Level Examination (CHSL) 2026,2,NOTIFICATION_PDF
https://instagram.com/indianarmy,Indian Army Instagram,3,IGNORE
https://linkedin.com/sebi,Help & FAQ,3,IGNORE
https://indiapost.gov.in/sitemap,Privacy Policy,3,IGNORE
https://ssc.gov.in/citizen-charter,RTI Information,3,IGNORE
https://aiimsexams.ac.in/citizen-charter,Disclaimer,3,IGNORE
https://ongcindia.com/documents/ISRO-Notice-2026.pdf,ISRO Official Notification PDF 2026,2,NOTIFICATION_PDF
https://navodaya.gov.in/candidate/registration.aspx,Click Here to Apply,0,DIRECT_APPLY
https://rrbcdg.gov.in/career,SSC Notification 2024,1,CAREER_PAGE
https://iocl.com/newreg.php,Submit Application,0,DIRECT_APPLY
https://bank.sbi/index.html,Follow us on Facebook,3,IGNORE
https://ssc.gov.in/notifications,EPFO Recruitment Drive 2024,1,CAREER_PAGE
https://linkedin.com/iocl,Tender Notices,3,IGNORE
